﻿<?xml version="1.0" encoding="utf-8"?>
<DriverDocumentation xmlns:xsd="http://www.w3.org/2001/XMLSchema" xmlns:xsi="http://www.w3.org/2001/XMLSchema-instance" Name="mellanox_demo_topo" Version="1.0.558.2503" Description="" OutputType="DLL" DriverBuilderVersion="5.1.498" xmlns="http://schemas.qualisystems.com/DriverDocumentation.xsd">
  <Function Name="Create VM" Description="The function will deploy a VM according to the specified details." Folder="Custom Commands" IsImplemented="true">
    <Parameter Name="reservation" Type="string[,]" Direction="In" Description="A predefined matrix with the following columns: attribute, mandatory / optional (empty is mandatory), value - this column will be automatically populated when executing the command." DefaultValue="{['Username','','';'Password','','';'Domain','','';'ReservationId','','']}" />
    <Parameter Name="out" Type="string" Direction="Out" />
    <Parameter Name="name" Type="string" Direction="In" IsMandatory="true" />
    <Parameter Name="flavor" Type="string" Direction="In" Description="VM flavor:&#xD;&#xA;m1.tiny (1 core, 512 MB RAM, 1 GB disk, 0 GB ephemeral)&#xD;&#xA;m1.small (1 core, 2 GB RAM, 10 GB disk, 20 GB ephemeral)&#xD;&#xA;m1.medium (2 core, 4 GB RAM, 10 GB disk, 40 GB ephemeral)&#xD;&#xA;m1.large (4 core, 8 GB RAM, 10 GB disk, 80 GB ephemeral)&#xD;&#xA;m1.xlarge (8 core, 16 GB RAM, 10 GB disk, 160 GB ephemeral)" DefaultValue="m1.small" IsMandatory="true" />
    <Parameter Name="image_name" Type="string" Direction="In" Description="Image to build VM from" DefaultValue="CentOS6.4-resizeable-collector" IsMandatory="true" />
    <Parameter Name="internal_network_name" Type="string" Direction="In" Description="Name of internal network to connect. Leave blank to use the first available." />
    <Parameter Name="external_network_name" Type="string" Direction="In" Description="Name of external network to connect. Leave blank to use the first available." />
    <Parameter Name="volume_size" Type="double" Direction="In" Description="Size of high-speed secondary volume in GB" DefaultValue="1" IsMandatory="true" />
    <Parameter Name="volume_type" Type="string" Direction="In" Description="Volume type, iser or iser2" DefaultValue="iser2" IsMandatory="true" />
  </Function>
  <Function Name="Example Command" Description="The function allows to run FIO benchmark tests according to the specified details." Folder="Custom Commands" IsImplemented="true">
    <Parameter Name="reservation" Type="string[,]" Direction="In" Description="A predefined matrix with the following columns: attribute, mandatory / optional (empty is mandatory), value - this column will be automatically populated when executing the command." DefaultValue="{['Username','','';'Password','','';'Domain','','';'ReservationId','','']}" />
    <Parameter Name="out" Type="string" Direction="Out" />
    <Parameter Name="do_read" Type="string" Direction="In" Description="true to include 'read' benchmark, false otherwise" DefaultValue="true" IsMandatory="true" />
    <Parameter Name="do_readwrite" Type="string" Direction="In" Description="true to include 'readwrite' benchmark, false otherwise" DefaultValue="true" IsMandatory="true" />
    <Parameter Name="do_randwrite" Type="string" Direction="In" Description="true to include 'randwrite' benchmark, false otherwise" DefaultValue="true" IsMandatory="true" />
    <Parameter Name="do_randread" Type="string" Direction="In" Description="true to include 'randread' benchmark, false otherwise" DefaultValue="true" IsMandatory="true" />
  </Function>
  <Function Name="Setup" Folder="System Commands" IsImplemented="true">
    <Parameter Name="reservation" Type="string[,]" Direction="In" Description="A predefined matrix with the following columns: attribute, mandatory / optional (empty is mandatory), value - this column will be automatically populated when executing the command." DefaultValue="{['Username','','';'Password','','';'Domain','','';'ReservationId','','']}" />
    <Parameter Name="out" Type="string" Direction="Out" />
  </Function>
  <Function Name="Teardown" Folder="System Commands" IsImplemented="true">
    <Parameter Name="reservation" Type="string[,]" Direction="In" Description="A predefined matrix with the following columns: attribute, mandatory / optional (empty is mandatory), value - this column will be automatically populated when executing the command." DefaultValue="{['Username','','';'Password','','';'Domain','','';'ReservationId','','']}" />
    <Parameter Name="out" Type="string" Direction="Out" />
  </Function>
</DriverDocumentation>