<?xml version="1.0" encoding="utf-8"?>
<DataModelInfo xmlns:xsd="http://www.w3.org/2001/XMLSchema" xmlns:xsi="http://www.w3.org/2001/XMLSchema-instance" xmlns="http://schemas.qualisystems.com/ResourceManagement/DataModelSchema.xsd">
  <Attributes />
  <ResourceFamilies />
  <DriverDescriptors>
    <DriverDescriptor Name="Python Setup &amp; Teardown" Description="This driver is used for running Python scripts in the environment setup and teardown. To use this driver, make sure you select a suitable setup and/or teardown script." DriverType="TestShellDriver" />
  </DriverDescriptors>
  <ScriptDescriptors>
    <ScriptDescriptor Name="Default Sandbox Restore 3.0" CategoryName="Hidden Commands" Version="3.1.0.2 " Alias="Restore script" Visibility="Everyone">
      <ScriptInputs />
    </ScriptDescriptor>
    <ScriptDescriptor Name="Default Sandbox Save 3.0" CategoryName="Hidden Commands" Version="3.1.0.2 " Alias="Save script" Visibility="Everyone">
      <ScriptInputs />
    </ScriptDescriptor>
    <ScriptDescriptor Name="Default Sandbox Teardown 3.0" CategoryName="Hidden Commands" Version="3.1.0.2 " Alias="Teardown script" Visibility="Everyone">
      <ScriptInputs />
    </ScriptDescriptor>
    <ScriptDescriptor Name="Default Sandbox Setup 3.0" CategoryName="Hidden Commands" Version="3.1.0.2 " Alias="Setup script" Visibility="Everyone">
      <ScriptInputs />
    </ScriptDescriptor>
  </ScriptDescriptors>
</DataModelInfo>