﻿<?xml version="1.0" encoding="utf-8"?>
<DriverDocumentation xmlns:xsd="http://www.w3.org/2001/XMLSchema" xmlns:xsi="http://www.w3.org/2001/XMLSchema-instance" Name="openstack" Version="1.0.559.21474" Description="" OutputType="DLL" DriverBuilderVersion="5.1.498" xmlns="http://schemas.qualisystems.com/DriverDocumentation.xsd">
  <Function Name="AttachVolumeToVM" IsImplemented="true">
    <Parameter Name="resource" Type="string[,]" Direction="In" Description="A predefined matrix with the following columns: attribute, mandatory / optional (empty is mandatory), value - this column will be automatically populated when executing the command." DefaultValue="{['ResourceAddress','','';'ResourceFullAddress','','';'ResourceName','','';'ResourceFullName','','';'ResourceFamily','','';'ResourceModel','','';'ResourceDescription','','';'Tenant','','';'User','','';'Password','','';'Block Storage Service Address','','';'Block Storage Service Port','','';'Compute Service Address','','';'Compute Service Port','','';'Identity Service Address','','';'Identity Service Port','','';'Image Service Address','','';'Image Service Port','','';'Image Service Registry Address','','';'Image Service Registry Port','','';'Networking Service Address','','';'Networking Service Port','','';'Object Storage Service Address','','';'Object Storage Service Port','','';'Orchestration Service Address','','';'Orchestration Service Port','','';'http or https','','']}" />
    <Parameter Name="vm_id" Type="string" Direction="In" Description="VM to attach volume to" DefaultValue="" IsMandatory="true" />
    <Parameter Name="volume_id" Type="string" Direction="In" DefaultValue="" IsMandatory="true" />
    <Parameter Name="mount_point" Type="string" Direction="In" DefaultValue="/dev/vdb" IsMandatory="true" />
    <Parameter Name="out" Type="string" Direction="Out" />
    <Parameter Name="reservation" Type="string[,]" Direction="In" Description="A predefined matrix with the following columns: attribute, mandatory / optional (empty is mandatory), value - this column will be automatically populated when executing the command." DefaultValue="{['Username','','';'Password','','';'Domain','','';'ReservationId','','']}" />
  </Function>
  <Function Name="CreateVM" IsImplemented="true">
    <Parameter Name="resource" Type="string[,]" Direction="In" Description="A predefined matrix with the following columns: attribute, mandatory / optional (empty is mandatory), value - this column will be automatically populated when executing the command." DefaultValue="{['ResourceAddress','','';'ResourceFullAddress','','';'ResourceName','','';'ResourceFullName','','';'ResourceFamily','','';'ResourceModel','','';'ResourceDescription','','';'Tenant','','';'User','','';'Password','','';'Block Storage Service Address','','';'Block Storage Service Port','','';'Compute Service Address','','';'Compute Service Port','','';'Identity Service Address','','';'Identity Service Port','','';'Image Service Address','','';'Image Service Port','','';'Image Service Registry Address','','';'Image Service Registry Port','','';'Networking Service Address','','';'Networking Service Port','','';'Object Storage Service Address','','';'Object Storage Service Port','','';'Orchestration Service Address','','';'Orchestration Service Port','','';'http or https','','']}" />
    <Parameter Name="name" Type="string" Direction="In" Description="Name of VM to create" IsMandatory="true" />
    <Parameter Name="image_name" Type="string" Direction="In" Description="Name of image to create VM from" IsMandatory="true" />
    <Parameter Name="flavor" Type="string" Direction="In" Description="m1.tiny: RAM 512 MB, disk 1 GB, ephemeral 0 GB, 1 cpu   &#xD;&#xA;m1.small: RAM 2048 MB, disk 10 GB, ephemeral 20 GB,  1 cpu    &#xD;&#xA;m1.medium: RAM 4096 MB, disk 10 GB, ephemeral 40 GB, 2 cpu   &#xD;&#xA;m1.large: RAM 8192 MB, disk 10 GB, ephemeral 80 GB,  4 cpu    &#xD;&#xA;m1.xlarge: RAM 16384 MB, disk 10 GB, ephemeral 160 GB, 8 cpu   &#xD;&#xA;m1.tiny: RAM 512 MB, disk 1 GB, ephemeral 0 GB, 1 cpu   &#xD;&#xA;m1.small: RAM 2048 MB, disk 10 GB, ephemeral 20 GB,  1 cpu    &#xD;&#xA;m1.medium: RAM 4096 MB, disk 10 GB, ephemeral 40 GB, 2 cpu   &#xD;&#xA;m1.large: RAM 8192 MB, disk 10 GB, ephemeral 80 GB,  4 cpu    &#xD;&#xA;m1.xlarge: RAM 16384 MB, disk 10 GB, ephemeral 160 GB, 8 cpu   " DefaultValue="m1.small" IsMandatory="true" />
    <Parameter Name="internal_network_name" Type="string" Direction="In" Description="Name of internal network to connect. Leave blank to use the first available." />
    <Parameter Name="external_network_name" Type="string" Direction="In" Description="Name of external network to connect (floating IP). Leave blank to use the first available." />
    <Parameter Name="volume_GB" Type="string" Direction="In" Description="Size of secondary hard drive in GB" DefaultValue="1" IsMandatory="true" />
    <Parameter Name="volume_type" Type="string" Direction="In" Description="Volume type: iser, iser2" DefaultValue="iser2" IsMandatory="true" />
    <Parameter Name="out" Type="string" Direction="Out" />
    <Parameter Name="reservation" Type="string[,]" Direction="In" Description="A predefined matrix with the following columns: attribute, mandatory / optional (empty is mandatory), value - this column will be automatically populated when executing the command." DefaultValue="{['Username','','';'Password','','';'Domain','','';'ReservationId','','']}" />
  </Function>
  <Function Name="CreateVolume" IsImplemented="true">
    <Parameter Name="resource" Type="string[,]" Direction="In" Description="A predefined matrix with the following columns: attribute, mandatory / optional (empty is mandatory), value - this column will be automatically populated when executing the command." DefaultValue="{['ResourceAddress','','';'ResourceFullAddress','','';'ResourceName','','';'ResourceFullName','','';'ResourceFamily','','';'ResourceModel','','';'ResourceDescription','','';'Tenant','','';'User','','';'Password','','';'Block Storage Service Address','','';'Block Storage Service Port','','';'Compute Service Address','','';'Compute Service Port','','';'Identity Service Address','','';'Identity Service Port','','';'Image Service Address','','';'Image Service Port','','';'Image Service Registry Address','','';'Image Service Registry Port','','';'Networking Service Address','','';'Networking Service Port','','';'Object Storage Service Address','','';'Object Storage Service Port','','';'Orchestration Service Address','','';'Orchestration Service Port','','';'http or https','','']}" />
    <Parameter Name="vm_id" Type="string" Direction="In" Description="VM to add floating IP to" IsMandatory="true" />
    <Parameter Name="out" Type="string" Direction="Out" />
    <Parameter Name="reservation" Type="string[,]" Direction="In" Description="A predefined matrix with the following columns: attribute, mandatory / optional (empty is mandatory), value - this column will be automatically populated when executing the command." DefaultValue="{['Username','','';'Password','','';'Domain','','';'ReservationId','','']}" />
    <Parameter Name="size_GB" Type="double" Direction="In" Description="Size of the new volume in GB" DefaultValue="10" IsMandatory="true" />
    <Parameter Name="volume_type" Type="string" Direction="In" Description="iser, iser2" DefaultValue="iser2" IsMandatory="true" />
  </Function>
  <Function Name="DestroyVM" IsImplemented="true">
    <Parameter Name="resource" Type="string[,]" Direction="In" Description="A predefined matrix with the following columns: attribute, mandatory / optional (empty is mandatory), value - this column will be automatically populated when executing the command." DefaultValue="{['ResourceAddress','','';'ResourceFullAddress','','';'ResourceName','','';'ResourceFullName','','';'ResourceFamily','','';'ResourceModel','','';'ResourceDescription','','';'Tenant','','';'User','','';'Password','','';'Block Storage Service Address','','';'Block Storage Service Port','','';'Compute Service Address','','';'Compute Service Port','','';'Identity Service Address','','';'Identity Service Port','','';'Image Service Address','','';'Image Service Port','','';'Image Service Registry Address','','';'Image Service Registry Port','','';'Networking Service Address','','';'Networking Service Port','','';'Object Storage Service Address','','';'Object Storage Service Port','','';'Orchestration Service Address','','';'Orchestration Service Port','','';'http or https','','']}" />
    <Parameter Name="out" Type="string" Direction="Out" />
    <Parameter Name="reservation" Type="string[,]" Direction="In" Description="A predefined matrix with the following columns: attribute, mandatory / optional (empty is mandatory), value - this column will be automatically populated when executing the command." DefaultValue="{['Username','','';'Password','','';'Domain','','';'ReservationId','','']}" />
    <Parameter Name="vm_id" Type="string" Direction="In" IsMandatory="true" />
  </Function>
  <Function Name="GetFirstNetworkName" IsImplemented="true">
    <Parameter Name="resource" Type="string[,]" Direction="In" Description="A predefined matrix with the following columns: attribute, mandatory / optional (empty is mandatory), value - this column will be automatically populated when executing the command." DefaultValue="{['ResourceAddress','','';'ResourceFullAddress','','';'ResourceName','','';'ResourceFullName','','';'ResourceFamily','','';'ResourceModel','','';'ResourceDescription','','';'Tenant','','';'User','','';'Password','','';'Block Storage Service Address','','';'Block Storage Service Port','','';'Compute Service Address','','';'Compute Service Port','','';'Identity Service Address','','';'Identity Service Port','','';'Image Service Address','','';'Image Service Port','','';'Image Service Registry Address','','';'Image Service Registry Port','','';'Networking Service Address','','';'Networking Service Port','','';'Object Storage Service Address','','';'Object Storage Service Port','','';'Orchestration Service Address','','';'Orchestration Service Port','','';'http or https','','']}" />
    <Parameter Name="reservation" Type="string[,]" Direction="In" Description="A predefined matrix with the following columns: attribute, mandatory / optional (empty is mandatory), value - this column will be automatically populated when executing the command." DefaultValue="{['Username','','';'Password','','';'Domain','','';'ReservationId','','']}" />
    <Parameter Name="internal_external" Type="string" Direction="In" Description="Specify whether to search for an internal or external network" DefaultValue="external" IsMandatory="true" />
    <Parameter Name="out" Type="string" Direction="Out" />
  </Function>
  <Function Name="GetFixedIPByPortId" IsImplemented="true">
    <Parameter Name="resource" Type="string[,]" Direction="In" Description="A predefined matrix with the following columns: attribute, mandatory / optional (empty is mandatory), value - this column will be automatically populated when executing the command." DefaultValue="{['ResourceAddress','','';'ResourceFullAddress','','';'ResourceName','','';'ResourceFullName','','';'ResourceFamily','','';'ResourceModel','','';'ResourceDescription','','';'Tenant','','';'User','','';'Password','','';'Block Storage Service Address','','';'Block Storage Service Port','','';'Compute Service Address','','';'Compute Service Port','','';'Identity Service Address','','';'Identity Service Port','','';'Image Service Address','','';'Image Service Port','','';'Image Service Registry Address','','';'Image Service Registry Port','','';'Networking Service Address','','';'Networking Service Port','','';'Object Storage Service Address','','';'Object Storage Service Port','','';'Orchestration Service Address','','';'Orchestration Service Port','','';'http or https','','']}" />
    <Parameter Name="vm_id" Type="string" Direction="In" />
    <Parameter Name="out" Type="string" Direction="Out" />
    <Parameter Name="reservation" Type="string[,]" Direction="In" Description="A predefined matrix with the following columns: attribute, mandatory / optional (empty is mandatory), value - this column will be automatically populated when executing the command." DefaultValue="{['Username','','';'Password','','';'Domain','','';'ReservationId','','']}" />
  </Function>
  <Function Name="GetFlavorIdByName" IsImplemented="true">
    <Parameter Name="resource" Type="string[,]" Direction="In" Description="A predefined matrix with the following columns: attribute, mandatory / optional (empty is mandatory), value - this column will be automatically populated when executing the command." DefaultValue="{['ResourceAddress','','';'ResourceFullAddress','','';'ResourceName','','';'ResourceFullName','','';'ResourceFamily','','';'ResourceModel','','';'ResourceDescription','','';'Tenant','','';'User','','';'Password','','';'Block Storage Service Address','','';'Block Storage Service Port','','';'Compute Service Address','','';'Compute Service Port','','';'Identity Service Address','','';'Identity Service Port','','';'Image Service Address','','';'Image Service Port','','';'Image Service Registry Address','','';'Image Service Registry Port','','';'Networking Service Address','','';'Networking Service Port','','';'Object Storage Service Address','','';'Object Storage Service Port','','';'Orchestration Service Address','','';'Orchestration Service Port','','';'http or https','','']}" />
    <Parameter Name="name" Type="string" Direction="In" Description="Name of image to look up" IsMandatory="true" />
    <Parameter Name="out" Type="string" Direction="Out" />
    <Parameter Name="reservation" Type="string[,]" Direction="In" Description="A predefined matrix with the following columns: attribute, mandatory / optional (empty is mandatory), value - this column will be automatically populated when executing the command." DefaultValue="{['Username','','';'Password','','';'Domain','','';'ReservationId','','']}" />
  </Function>
  <Function Name="GetFloatingIP" IsImplemented="true">
    <Parameter Name="resource" Type="string[,]" Direction="In" Description="A predefined matrix with the following columns: attribute, mandatory / optional (empty is mandatory), value - this column will be automatically populated when executing the command." DefaultValue="{['ResourceAddress','','';'ResourceFullAddress','','';'ResourceName','','';'ResourceFullName','','';'ResourceFamily','','';'ResourceModel','','';'ResourceDescription','','';'Tenant','','';'User','','';'Password','','';'Block Storage Service Address','','';'Block Storage Service Port','','';'Compute Service Address','','';'Compute Service Port','','';'Identity Service Address','','';'Identity Service Port','','';'Image Service Address','','';'Image Service Port','','';'Image Service Registry Address','','';'Image Service Registry Port','','';'Networking Service Address','','';'Networking Service Port','','';'Object Storage Service Address','','';'Object Storage Service Port','','';'Orchestration Service Address','','';'Orchestration Service Port','','';'http or https','','']}" />
    <Parameter Name="vm_id" Type="string" Direction="In" Description="VM to add floating IP to" IsMandatory="true" />
    <Parameter Name="external_network_name0" Type="string" Direction="In" Description="Name of external network to connect. Leave blank to use the first available." />
    <Parameter Name="out" Type="string" Direction="Out" />
    <Parameter Name="reservation" Type="string[,]" Direction="In" Description="A predefined matrix with the following columns: attribute, mandatory / optional (empty is mandatory), value - this column will be automatically populated when executing the command." DefaultValue="{['Username','','';'Password','','';'Domain','','';'ReservationId','','']}" />
  </Function>
  <Function Name="GetImageIdByName" IsImplemented="true">
    <Parameter Name="resource" Type="string[,]" Direction="In" Description="A predefined matrix with the following columns: attribute, mandatory / optional (empty is mandatory), value - this column will be automatically populated when executing the command." DefaultValue="{['ResourceAddress','','';'ResourceFullAddress','','';'ResourceName','','';'ResourceFullName','','';'ResourceFamily','','';'ResourceModel','','';'ResourceDescription','','';'Tenant','','';'User','','';'Password','','';'Block Storage Service Address','','';'Block Storage Service Port','','';'Compute Service Address','','';'Compute Service Port','','';'Identity Service Address','','';'Identity Service Port','','';'Image Service Address','','';'Image Service Port','','';'Image Service Registry Address','','';'Image Service Registry Port','','';'Networking Service Address','','';'Networking Service Port','','';'Object Storage Service Address','','';'Object Storage Service Port','','';'Orchestration Service Address','','';'Orchestration Service Port','','';'http or https','','']}" />
    <Parameter Name="name" Type="string" Direction="In" Description="Name of image to look up" IsMandatory="true" />
    <Parameter Name="out" Type="string" Direction="Out" />
    <Parameter Name="reservation" Type="string[,]" Direction="In" Description="A predefined matrix with the following columns: attribute, mandatory / optional (empty is mandatory), value - this column will be automatically populated when executing the command." DefaultValue="{['Username','','';'Password','','';'Domain','','';'ReservationId','','']}" />
  </Function>
  <Function Name="GetNetworkIdByName" IsImplemented="true">
    <Parameter Name="resource" Type="string[,]" Direction="In" Description="A predefined matrix with the following columns: attribute, mandatory / optional (empty is mandatory), value - this column will be automatically populated when executing the command." DefaultValue="{['ResourceAddress','','';'ResourceFullAddress','','';'ResourceName','','';'ResourceFullName','','';'ResourceFamily','','';'ResourceModel','','';'ResourceDescription','','';'Tenant','','';'User','','';'Password','','';'Block Storage Service Address','','';'Block Storage Service Port','','';'Compute Service Address','','';'Compute Service Port','','';'Identity Service Address','','';'Identity Service Port','','';'Image Service Address','','';'Image Service Port','','';'Image Service Registry Address','','';'Image Service Registry Port','','';'Networking Service Address','','';'Networking Service Port','','';'Object Storage Service Address','','';'Object Storage Service Port','','';'Orchestration Service Address','','';'Orchestration Service Port','','']}" />
    <Parameter Name="network_name" Type="string" Direction="In" Description="Name of network to look up" IsMandatory="true" />
    <Parameter Name="out" Type="string" Direction="Out" />
    <Parameter Name="reservation" Type="string[,]" Direction="In" Description="A predefined matrix with the following columns: attribute, mandatory / optional (empty is mandatory), value - this column will be automatically populated when executing the command." DefaultValue="{['Username','','';'Password','','';'Domain','','';'ReservationId','','']}" />
  </Function>
  <Function Name="GetPortIdByVMId" IsImplemented="true">
    <Parameter Name="resource" Type="string[,]" Direction="In" Description="A predefined matrix with the following columns: attribute, mandatory / optional (empty is mandatory), value - this column will be automatically populated when executing the command." DefaultValue="{['ResourceAddress','','';'ResourceFullAddress','','';'ResourceName','','';'ResourceFullName','','';'ResourceFamily','','';'ResourceModel','','';'ResourceDescription','','';'Tenant','','';'User','','';'Password','','';'Block Storage Service Address','','';'Block Storage Service Port','','';'Compute Service Address','','';'Compute Service Port','','';'Identity Service Address','','';'Identity Service Port','','';'Image Service Address','','';'Image Service Port','','';'Image Service Registry Address','','';'Image Service Registry Port','','';'Networking Service Address','','';'Networking Service Port','','';'Object Storage Service Address','','';'Object Storage Service Port','','';'Orchestration Service Address','','';'Orchestration Service Port','','';'http or https','','']}" />
    <Parameter Name="vm_id" Type="string" Direction="In" />
    <Parameter Name="out" Type="string" Direction="Out" />
    <Parameter Name="reservation" Type="string[,]" Direction="In" Description="A predefined matrix with the following columns: attribute, mandatory / optional (empty is mandatory), value - this column will be automatically populated when executing the command." DefaultValue="{['Username','','';'Password','','';'Domain','','';'ReservationId','','']}" />
  </Function>
  <Function Name="GetVMIdByName" IsImplemented="true">
    <Parameter Name="resource" Type="string[,]" Direction="In" Description="A predefined matrix with the following columns: attribute, mandatory / optional (empty is mandatory), value - this column will be automatically populated when executing the command." DefaultValue="{['ResourceAddress','','';'ResourceFullAddress','','';'ResourceName','','';'ResourceFullName','','';'ResourceFamily','','';'ResourceModel','','';'ResourceDescription','','';'Tenant','','';'User','','';'Password','','';'Block Storage Service Address','','';'Block Storage Service Port','','';'Compute Service Address','','';'Compute Service Port','','';'Identity Service Address','','';'Identity Service Port','','';'Image Service Address','','';'Image Service Port','','';'Image Service Registry Address','','';'Image Service Registry Port','','';'Networking Service Address','','';'Networking Service Port','','';'Object Storage Service Address','','';'Object Storage Service Port','','';'Orchestration Service Address','','';'Orchestration Service Port','','';'http or https','','']}" />
    <Parameter Name="name" Type="string" Direction="In" Description="Name of VM to look up" IsMandatory="true" />
    <Parameter Name="out" Type="string" Direction="Out" />
    <Parameter Name="reservation" Type="string[,]" Direction="In" Description="A predefined matrix with the following columns: attribute, mandatory / optional (empty is mandatory), value - this column will be automatically populated when executing the command." DefaultValue="{['Username','','';'Password','','';'Domain','','';'ReservationId','','']}" />
  </Function>
  <Function Name="Init" Description="This function is called only once when the driver is being loaded for the first time.&#xD;&#xA;This function will not get information on a specific reservation so make sure to only do initialization tasks in this function that are cross reservations.&#xD;&#xA;When several resources are using the same driver, the Init function will be called for each one of them when the driver will be used for the first time or after an idle time." IsStartSession="true" IsImplemented="true">
    <Parameter Name="resource" Type="string[,]" Direction="In" Description="A predefined matrix with the following columns: attribute, mandatory / optional (empty is mandatory), value - this column will be automatically populated when executing the command." DefaultValue="{['ResourceAddress','','';'ResourceFullAddress','','';'ResourceName','','';'ResourceFullName','','';'ResourceFamily','','';'ResourceModel','','';'ResourceDescription','','']}" />
  </Function>
  <Function Name="Query" IsImplemented="true">
    <Parameter Name="resource" Type="string[,]" Direction="In" Description="A predefined matrix with the following columns: attribute, mandatory / optional (empty is mandatory), value - this column will be automatically populated when executing the command." DefaultValue="{['ResourceAddress','','';'ResourceFullAddress','','';'ResourceName','','';'ResourceFullName','','';'ResourceFamily','','';'ResourceModel','','';'ResourceDescription','','';'Tenant','','';'User','','';'Password','','';'Block Storage Service Address','','';'Block Storage Service Port','','';'Compute Service Address','','';'Compute Service Port','','';'Identity Service Address','','';'Identity Service Port','','';'Image Service Address','','';'Image Service Port','','';'Image Service Registry Address','','';'Image Service Registry Port','','';'Networking Service Address','','';'Networking Service Port','','';'Object Storage Service Address','','';'Object Storage Service Port','','';'Orchestration Service Address','','';'Orchestration Service Port','','']}" IsMandatory="true" />
    <Parameter Name="service" Type="string" Direction="In" Description="nova, neutron, cinder, glance, image_registry, swift, heat, ceilometer" DefaultValue="nova" IsMandatory="true" />
    <Parameter Name="query" Type="string" Direction="In" Description="Part of the URL after the host and port, beginning with /v2/ or /v2.0/" DefaultValue="/v2/" IsMandatory="true" />
    <Parameter Name="http_method" Type="string" Direction="In" Description="GET, PUT, POST, DELETE, HEAD, OPTIONS, PATCH" DefaultValue="GET" IsMandatory="true" />
    <Parameter Name="body" Type="string" Direction="In" Description="Optional request body in JSON format" />
    <Parameter Name="timeout" Type="double" Direction="In" Description="Timeout for this query in seconds" DefaultValue="300" IsMandatory="true" />
    <Parameter Name="received_headers" Type="string[,]" Direction="Out" />
    <Parameter Name="received_content_type" Type="string" Direction="Out" />
    <Parameter Name="received_http_status" Type="string" Direction="Out" />
    <Parameter Name="received_response" Type="string" Direction="Out" />
    <Parameter Name="json_output_matrix" Type="string[,]" Direction="Out" />
    <Parameter Name="xml_output" Type="string" Direction="Out" />
  </Function>
  <Function Name="ResetDriver" IsImplemented="true">
    <Parameter Name="resource" Type="string[,]" Direction="In" Description="A predefined matrix with the following columns: attribute, mandatory / optional (empty is mandatory), value - this column will be automatically populated when executing the command." DefaultValue="{['ResourceAddress','','';'ResourceFullAddress','','';'ResourceName','','';'ResourceFullName','','';'ResourceFamily','','';'ResourceModel','','';'ResourceDescription','','']}" />
  </Function>
</DriverDocumentation>