﻿<?xml version="1.0" encoding="utf-8"?>
<DriverDocumentation xmlns:xsd="http://www.w3.org/2001/XMLSchema" xmlns:xsi="http://www.w3.org/2001/XMLSchema-instance" Name="FIO" Version="1.0.558.4075" Description="" OutputType="DLL" DriverBuilderVersion="5.1.498" xmlns="http://schemas.qualisystems.com/DriverDocumentation.xsd">
  <Function Name="Init" Description="This function is called only once when the driver is being loaded for the first time.&#xD;&#xA;This function will not get information on a specific reservation so make sure to only do initialization tasks in this function that are cross reservations.&#xD;&#xA;When several resources are using the same driver, the Init function will be called for each one of them when the driver will be used for the first time or after an idle time." IsStartSession="true" IsImplemented="true">
    <Parameter Name="resource" Type="string[,]" Direction="In" Description="A predefined matrix with the following columns: attribute, mandatory / optional (empty is mandatory), value - this column will be automatically populated when executing the command." DefaultValue="{['ResourceAddress','','';'ResourceFullAddress','','';'ResourceName','','';'ResourceFullName','','';'ResourceFamily','','';'ResourceModel','','';'ResourceDescription','','']}" />
  </Function>
  <Function Name="ResetDriver" IsImplemented="true">
    <Parameter Name="resource" Type="string[,]" Direction="In" Description="A predefined matrix with the following columns: attribute, mandatory / optional (empty is mandatory), value - this column will be automatically populated when executing the command." DefaultValue="{['ResourceAddress','','';'ResourceFullAddress','','';'ResourceName','','';'ResourceFullName','','';'ResourceFamily','','';'ResourceModel','','';'ResourceDescription','','']}" />
  </Function>
  <Function Name="Install FIO" Description="The function installes FIO benchmark tool on a linux server" Folder="Driver Functions" IsImplemented="true">
    <Parameter Name="out" Type="string" Direction="Out" />
    <Parameter Name="reservation" Type="string[,]" Direction="In" Description="A predefined matrix with the following columns: attribute, mandatory / optional (empty is mandatory), value - this column will be automatically populated when executing the command." DefaultValue="{['Username','','';'Password','','';'Domain','','';'ReservationId','','']}" />
    <Parameter Name="resource" Type="string[,]" Direction="In" Description="A predefined matrix with the following columns: attribute, mandatory / optional (empty is mandatory), value - this column will be automatically populated when executing the command." DefaultValue="{['ResourceAddress','','63.251.237.55';'ResourceFullAddress','','63.251.237.55';'ResourceName','','';'ResourceFullName','','';'ResourceFamily','','';'ResourceModel','','';'ResourceDescription','','';'UniqueID','','';'User','','root';'Password','','PASSW0RD']}" />
  </Function>
  <Function Name="Run FIO Rand Read" Description="The function allows to run FIO rand read benchmark test" Folder="Driver Functions" IsImplemented="true">
    <Parameter Name="out" Type="string" Direction="Out" />
    <Parameter Name="reservation" Type="string[,]" Direction="In" Description="A predefined matrix with the following columns: attribute, mandatory / optional (empty is mandatory), value - this column will be automatically populated when executing the command." DefaultValue="{['Username','','';'Password','','';'Domain','','';'ReservationId','','']}" />
    <Parameter Name="resource" Type="string[,]" Direction="In" Description="A predefined matrix with the following columns: attribute, mandatory / optional (empty is mandatory), value - this column will be automatically populated when executing the command." DefaultValue="{['ResourceAddress','','63.251.237.55';'ResourceFullAddress','','63.251.237.55';'ResourceName','','';'ResourceFullName','','';'ResourceFamily','','';'ResourceModel','','';'ResourceDescription','','';'UniqueID','','';'User','','root';'Password','','PASSW0RD']}" />
  </Function>
  <Function Name="Run FIO Rand Write" Description="The function allows to run FIO rand write benchmark test" Folder="Driver Functions" IsImplemented="true">
    <Parameter Name="out" Type="string" Direction="Out" />
    <Parameter Name="reservation" Type="string[,]" Direction="In" Description="A predefined matrix with the following columns: attribute, mandatory / optional (empty is mandatory), value - this column will be automatically populated when executing the command." DefaultValue="{['Username','','';'Password','','';'Domain','','';'ReservationId','','']}" />
    <Parameter Name="resource" Type="string[,]" Direction="In" Description="A predefined matrix with the following columns: attribute, mandatory / optional (empty is mandatory), value - this column will be automatically populated when executing the command." DefaultValue="{['ResourceAddress','','63.251.237.55';'ResourceFullAddress','','63.251.237.55';'ResourceName','','';'ResourceFullName','','';'ResourceFamily','','';'ResourceModel','','';'ResourceDescription','','';'UniqueID','','';'User','','root';'Password','','PASSW0RD']}" />
  </Function>
  <Function Name="Run FIO Read" Description="The function allows to run FIO read benchmark test" Folder="Driver Functions" IsImplemented="true">
    <Parameter Name="out" Type="string" Direction="Out" />
    <Parameter Name="reservation" Type="string[,]" Direction="In" Description="A predefined matrix with the following columns: attribute, mandatory / optional (empty is mandatory), value - this column will be automatically populated when executing the command." DefaultValue="{['Username','','';'Password','','';'Domain','','';'ReservationId','','']}" />
    <Parameter Name="resource" Type="string[,]" Direction="In" Description="A predefined matrix with the following columns: attribute, mandatory / optional (empty is mandatory), value - this column will be automatically populated when executing the command." DefaultValue="{['ResourceAddress','','63.251.237.55';'ResourceFullAddress','','63.251.237.55';'ResourceName','','';'ResourceFullName','','';'ResourceFamily','','';'ResourceModel','','';'ResourceDescription','','';'UniqueID','','';'User','','root';'Password','','PASSW0RD']}" />
  </Function>
  <Function Name="Run FIO Read Write" Description="The function allows to run FIO read write benchmark test" Folder="Driver Functions" IsImplemented="true">
    <Parameter Name="out" Type="string" Direction="Out" />
    <Parameter Name="reservation" Type="string[,]" Direction="In" Description="A predefined matrix with the following columns: attribute, mandatory / optional (empty is mandatory), value - this column will be automatically populated when executing the command." DefaultValue="{['Username','','';'Password','','';'Domain','','';'ReservationId','','']}" />
    <Parameter Name="resource" Type="string[,]" Direction="In" Description="A predefined matrix with the following columns: attribute, mandatory / optional (empty is mandatory), value - this column will be automatically populated when executing the command." DefaultValue="{['ResourceAddress','','63.251.237.55';'ResourceFullAddress','','63.251.237.55';'ResourceName','','';'ResourceFullName','','';'ResourceFamily','','';'ResourceModel','','';'ResourceDescription','','';'UniqueID','','';'User','','root';'Password','','PASSW0RD']}" />
  </Function>
</DriverDocumentation>