<?xml version="1.0" encoding="utf-8"?>
<Commands xmlns:xsd="http://www.w3.org/2001/XMLSchema" xmlns:xsi="http://www.w3.org/2001/XMLSchema-instance" xmlns="http://schemas.qualisystems.com/ResourceManagement/DriverCommands.xsd">
  <Command CommandName="Login" CommandId="2fed5c81-f951-4f73-866e-0e901d13b7fb">
    <Parameters xsi:type="LoginCommandParameters">
      <Address>192.168.56.209</Address>
      <User>s</User>
      <Password>*******</Password>
    </Parameters>
  </Command>
</Commands>


<?xml version='1.0' encoding='UTF-8'?>
<Responses xmlns="http://schemas.qualisystems.com/ResourceManagement/DriverCommandResult.xsd" Success="true">
    <ErrorCode />
    <Log>No need for Sync</Log>
<CommandResponse CommandId="2fed5c81-f951-4f73-866e-0e901d13b7fb" CommandName="Login" Success="true">
    <Error />
    <Log />
    <Timestamp>28.11.2019 16:47:45</Timestamp>
<ResponseInfo /></CommandResponse></Responses>
<?xml version="1.0" encoding="utf-8"?>
<Commands xmlns:xsd="http://www.w3.org/2001/XMLSchema" xmlns:xsi="http://www.w3.org/2001/XMLSchema-instance" xmlns="http://schemas.qualisystems.com/ResourceManagement/DriverCommands.xsd">
  <Command CommandName="GetResourceDescription" CommandId="c2091b6e-ffd4-43b4-90cf-0a981a6a4d58">
    <Parameters xsi:type="GetResourceDescriptionParameters">
      <Address>192.168.56.209</Address>
    </Parameters>
  </Command>
</Commands>


<?xml version='1.0' encoding='UTF-8'?>
<Responses xmlns="http://schemas.qualisystems.com/ResourceManagement/DriverCommandResult.xsd" Success="false">
    <ErrorCode>0</ErrorCode>
    <Log>cannot serialize None (type NoneType)</Log>
</Responses>
