﻿<?xml version="1.0" encoding="utf-8"?>
<DriverDocumentation xmlns:xsd="http://www.w3.org/2001/XMLSchema" xmlns:xsi="http://www.w3.org/2001/XMLSchema-instance" Name="Mellanox FIO Benchamrk" Version="1.0.558.6345" Description="" OutputType="DLL" DriverBuilderVersion="5.1.498" xmlns="http://schemas.qualisystems.com/DriverDocumentation.xsd">
  <Function Name="Run FIO Benchmark" Description="The function allows to run FIO benchmark tests according to the specified details." Folder="Custom Commands" IsImplemented="true">
    <Parameter Name="reservation" Type="string[,]" Direction="In" Description="A predefined matrix with the following columns: attribute, mandatory / optional (empty is mandatory), value - this column will be automatically populated when executing the command." DefaultValue="{['Username','','';'Password','','';'Domain','','';'ReservationId','','']}" />
    <Parameter Name="out" Type="string" Direction="Out" />
    <Parameter Name="VM IP" Type="string" Direction="In" Description="Specify the IP address of the VM you would like to run the benchmark on." />
    <Parameter Name="VM Username" Type="string" Direction="In" Description="Specify the username of the VM you would like to run the benchmark on." />
    <Parameter Name="VM Password" Type="string" Direction="In" Description="Specify the password of the VM you would like to run the benchmark on." />
    <Parameter Name="Do Read" Type="string" Direction="In" Description="true to include 'read' benchmark, false otherwise" DefaultValue="true" IsMandatory="true" />
    <Parameter Name="Do ReadWrite" Type="string" Direction="In" Description="true to include 'readwrite' benchmark, false otherwise" DefaultValue="true" IsMandatory="true" />
    <Parameter Name="Do RandWrite" Type="string" Direction="In" Description="true to include 'randwrite' benchmark, false otherwise" DefaultValue="true" IsMandatory="true" />
    <Parameter Name="Do RandRead" Type="string" Direction="In" Description="true to include 'randread' benchmark, false otherwise" DefaultValue="true" IsMandatory="true" />
  </Function>
  <Function Name="Setup" Folder="System Commands" IsImplemented="true">
    <Parameter Name="reservation" Type="string[,]" Direction="In" Description="A predefined matrix with the following columns: attribute, mandatory / optional (empty is mandatory), value - this column will be automatically populated when executing the command." DefaultValue="{['Username','','';'Password','','';'Domain','','';'ReservationId','','']}" />
    <Parameter Name="out" Type="string" Direction="Out" />
  </Function>
  <Function Name="Teardown" Folder="System Commands" IsImplemented="true">
    <Parameter Name="reservation" Type="string[,]" Direction="In" Description="A predefined matrix with the following columns: attribute, mandatory / optional (empty is mandatory), value - this column will be automatically populated when executing the command." DefaultValue="{['Username','','';'Password','','';'Domain','','';'ReservationId','','']}" />
    <Parameter Name="out" Type="string" Direction="Out" />
  </Function>
</DriverDocumentation>