Source,Target,Status,Type
DSLNCD-S2-09 APEX/NCD02,PONDPU-S2-09 APEX/ALCLDA000393/DSL02 [NCD02],Requested,Route

Resource,Equipment Login,EquipmentFunction,EquipmentType,FanoutSw,FanoutSwIP,FanoutType,FanoutUplink1,FanoutUplink2,FanoutUplink3,FanoutUplink4,Location,MAC Address,RemotePDUIP,RemotePDULogin,RemotePDUName,RemotePDUPort
DSLNCD-S2-09 APEX/NCD02,ssh://admin:admin@192.168.56.214:21022,VDSL2/G.FAST NCD,NCD,NTDFAN-S2-14,192.168.56.214,MIK_CRS226,AGG4_8/2/7:110,AGG6_7/2/4:110,n/a,n/a,,18:F1:45:XX:YY:ZZ,,,,

Resource
PONDPU-S2-09 APEX/ALCLDA000393/DSL02 [NCD02]


Source,Target,Status,Type
DSLNCD-S2-12 APEX/NCD02,PONDPU-S2-12 APEX/ALCLDA0026D1/DSL02 [NCD02],Requested,Route

Resource,Equipment Login,EquipmentFunction,EquipmentType,FanoutSw,FanoutSwIP,FanoutType,FanoutUplink1,FanoutUplink2,FanoutUplink3,FanoutUplink4,Location,MAC Address,RemotePDUIP,RemotePDULogin,RemotePDUName,RemotePDUPort
DSLNCD-S2-12 APEX/NCD02,ssh://admin:admin@192.168.56.214:22222,VDSL2/G.FAST NCD,NCD,NTDFAN-S2-14,192.168.56.214,MIK_CRS226,AGG4_8/2/7:122,AGG6_7/2/4:122,n/a,n/a,,18:F1:45:XX:YY:ZZ,,,,

Resource
PONDPU-S2-12 APEX/ALCLDA0026D1/DSL02 [NCD02]


Source,Target,Status,Type
DSLNCD-S2-07 APEX/NCD01,PONDPU-S2-07 APEX/ALCLDA002637/DSL01 [NCD01],Requested,Route

Resource,Equipment Login,EquipmentFunction,EquipmentType,FanoutSw,FanoutSwIP,FanoutType,FanoutUplink1,FanoutUplink2,FanoutUplink3,FanoutUplink4,Location,MAC Address,RemotePDUIP,RemotePDULogin,RemotePDUName,RemotePDUPort
DSLNCD-S2-07 APEX/NCD01,ssh://admin:admin@192.168.56.214:20122,VDSL2/G.FAST NCD,NCD,NTDFAN-S2-14,192.168.56.214,MIK_CRS226,AGG4_8/2/7:101,AGG6_7/2/4:101,n/a,n/a,,18F145A8B154,,,,

Resource
PONDPU-S2-07 APEX/ALCLDA002637/DSL01 [NCD01]


Source,Target,Status,Type
DSLNCD-S2-10 APEX/NCD04,PONDPU-S2-10 APEX/ALCLDA0006E0/DSL04 [NCD04],Requested,Route

Resource,Equipment Login,EquipmentFunction,EquipmentType,FanoutSw,FanoutSwIP,FanoutType,FanoutUplink1,FanoutUplink2,FanoutUplink3,FanoutUplink4,Location,MAC Address,RemotePDUIP,RemotePDULogin,RemotePDUName,RemotePDUPort
DSLNCD-S2-10 APEX/NCD04,ssh://admin:admin@192.168.56.214:21622,VDSL2/G.FAST NCD,NCD,NTDFAN-S2-14,192.168.56.214,MIK_CRS226,AGG4_8/2/7:116,AGG6_7/2/4:116,n/a,n/a,,18:F1:45:XX:YY:ZZ,,,,

Resource
PONDPU-S2-10 APEX/ALCLDA0006E0/DSL04 [NCD04]


Source,Target,Status,Type
DSLNCD-S2-11 APEX/NCD04,PONDPU-S2-11 APEX/ADTN1828322B/DSL04 [NCD04],Requested,Route

Resource,Equipment Login,EquipmentFunction,EquipmentType,FanoutSw,FanoutSwIP,FanoutType,FanoutUplink1,FanoutUplink2,FanoutUplink3,FanoutUplink4,Location,MAC Address,RemotePDUIP,RemotePDULogin,RemotePDUName,RemotePDUPort
DSLNCD-S2-11 APEX/NCD04,ssh://admin:admin@192.168.56.214:22022,VDSL2/G.FAST NCD,NCD,NTDFAN-S2-14,192.168.56.214,MIK_CRS226,AGG4_8/2/7:120,AGG6_7/2/4:120,n/a,n/a,,18:F1:45:XX:YY:ZZ,,,,

Resource
PONDPU-S2-11 APEX/ADTN1828322B/DSL04 [NCD04]


Source,Target,Status,Type
DSLNCD-S2-10 APEX/NCD02,PONDPU-S2-10 APEX/ADTN182853B8/DSL02 [NCD02],Connected,Route

Resource,Equipment Login,EquipmentFunction,EquipmentType,FanoutSw,FanoutSwIP,FanoutType,FanoutUplink1,FanoutUplink2,FanoutUplink3,FanoutUplink4,Location,MAC Address,RemotePDUIP,RemotePDULogin,RemotePDUName,RemotePDUPort
DSLNCD-S2-10 APEX/NCD02,ssh://admin:admin@192.168.56.214:21422,VDSL2/G.FAST NCD,NCD,NTDFAN-S2-14,192.168.56.214,MIK_CRS226,AGG4_8/2/7:114,AGG6_7/2/4:114,n/a,n/a,,18:F1:45:XX:YY:ZZ,,,,

Resource
PONDPU-S2-10 APEX/ADTN182853B8/DSL02 [NCD02]


Source,Target,Status,Type
DSLNCD-S2-10 APEX/NCD02,PONDPU-S2-10 APEX/ALCLDA0006E0/DSL02 [NCD02],Requested,Route

Resource,Equipment Login,EquipmentFunction,EquipmentType,FanoutSw,FanoutSwIP,FanoutType,FanoutUplink1,FanoutUplink2,FanoutUplink3,FanoutUplink4,Location,MAC Address,RemotePDUIP,RemotePDULogin,RemotePDUName,RemotePDUPort
DSLNCD-S2-10 APEX/NCD02,ssh://admin:admin@192.168.56.214:21422,VDSL2/G.FAST NCD,NCD,NTDFAN-S2-14,192.168.56.214,MIK_CRS226,AGG4_8/2/7:114,AGG6_7/2/4:114,n/a,n/a,,18:F1:45:XX:YY:ZZ,,,,

Resource
PONDPU-S2-10 APEX/ALCLDA0006E0/DSL02 [NCD02]


Source,Target,Status,Type
DSLNCD-S2-10 APEX/NCD01,PONDPU-S2-10 APEX/ADTN182853B8/DSL01 [NCD01],Connected,Route

Resource,Equipment Login,EquipmentFunction,EquipmentType,FanoutSw,FanoutSwIP,FanoutType,FanoutUplink1,FanoutUplink2,FanoutUplink3,FanoutUplink4,Location,MAC Address,RemotePDUIP,RemotePDULogin,RemotePDUName,RemotePDUPort
DSLNCD-S2-10 APEX/NCD01,ssh://admin:admin@192.168.56.214:21322,VDSL2/G.FAST NCD,NCD,NTDFAN-S2-14,192.168.56.214,MIK_CRS226,AGG4_8/2/7:113,AGG6_7/2/4:113,n/a,n/a,,18:F1:45:XX:YY:ZZ,,,,

Resource
PONDPU-S2-10 APEX/ADTN182853B8/DSL01 [NCD01]


Source,Target,Status,Type
DSLNCD-S2-11 APEX/NCD03,PONDPU-S2-11 APEX/ADTN1828322B/DSL03 [NCD03],Requested,Route

Resource,Equipment Login,EquipmentFunction,EquipmentType,FanoutSw,FanoutSwIP,FanoutType,FanoutUplink1,FanoutUplink2,FanoutUplink3,FanoutUplink4,Location,MAC Address,RemotePDUIP,RemotePDULogin,RemotePDUName,RemotePDUPort
DSLNCD-S2-11 APEX/NCD03,ssh://admin:admin@192.168.56.214:21922,VDSL2/G.FAST NCD,NCD,NTDFAN-S2-14,192.168.56.214,MIK_CRS226,AGG4_8/2/7:119,AGG6_7/2/4:119,n/a,n/a,,18:F1:45:XX:YY:ZZ,,,,

Resource
PONDPU-S2-11 APEX/ADTN1828322B/DSL03 [NCD03]


Source,Target,Status,Type
DSLNCD-S2-08 APEX/NCD01,PONDPU-S2-08 APEX/ADTN18283769/DSL01 [NCD01],Requested,Route

Resource,Equipment Login,EquipmentFunction,EquipmentType,FanoutSw,FanoutSwIP,FanoutType,FanoutUplink1,FanoutUplink2,FanoutUplink3,FanoutUplink4,Location,MAC Address,RemotePDUIP,RemotePDULogin,RemotePDUName,RemotePDUPort
DSLNCD-S2-08 APEX/NCD01,ssh://admin:admin@192.168.56.214:20522,VDSL2/G.FAST NCD,NCD,NTDFAN-S2-14,192.168.56.214,MIK_CRS226,AGG4_8/2/7:105,AGG6_7/2/4:105,n/a,n/a,,18F145A8B157,,,,

Resource
PONDPU-S2-08 APEX/ADTN18283769/DSL01 [NCD01]


Source,Target,Status,Type
DSLNCD-S2-07 APEX/NCD04,PONDPU-S2-07 APEX/ADTN18283411/DSL04 [NCD04],Connected,Route

Resource,Equipment Login,EquipmentFunction,EquipmentType,FanoutSw,FanoutSwIP,FanoutType,FanoutUplink1,FanoutUplink2,FanoutUplink3,FanoutUplink4,Location,MAC Address,RemotePDUIP,RemotePDULogin,RemotePDUName,RemotePDUPort
DSLNCD-S2-07 APEX/NCD04,ssh://admin:admin@192.168.56.214:20422,VDSL2/G.FAST NCD,NCD,NTDFAN-S2-14,192.168.56.214,MIK_CRS226,AGG4_8/2/7:104,AGG6_7/2/4:104,n/a,n/a,,18F145A8B0E0,,,,

Resource
PONDPU-S2-07 APEX/ADTN18283411/DSL04 [NCD04]


Source,Target,Status,Type
DSLNCD-S2-10 APEX/NCD03,PONDPU-S2-10 APEX/ADTN182853B8/DSL03 [NCD03],Connected,Route

Resource,Equipment Login,EquipmentFunction,EquipmentType,FanoutSw,FanoutSwIP,FanoutType,FanoutUplink1,FanoutUplink2,FanoutUplink3,FanoutUplink4,Location,MAC Address,RemotePDUIP,RemotePDULogin,RemotePDUName,RemotePDUPort
DSLNCD-S2-10 APEX/NCD03,ssh://admin:admin@192.168.56.214:21522,VDSL2/G.FAST NCD,NCD,NTDFAN-S2-14,192.168.56.214,MIK_CRS226,AGG4_8/2/7:115,AGG6_7/2/4:115,n/a,n/a,,18:F1:45:XX:YY:ZZ,,,,

Resource
PONDPU-S2-10 APEX/ADTN182853B8/DSL03 [NCD03]


Source,Target,Status,Type
DSLNCD-S2-12 APEX/NCD01,PONDPU-S2-12 APEX/ADTN182837F7/DSL01 [NCD01],Connected,Route

Resource,Equipment Login,EquipmentFunction,EquipmentType,FanoutSw,FanoutSwIP,FanoutType,FanoutUplink1,FanoutUplink2,FanoutUplink3,FanoutUplink4,Location,MAC Address,RemotePDUIP,RemotePDULogin,RemotePDUName,RemotePDUPort
DSLNCD-S2-12 APEX/NCD01,ssh://admin:admin@192.168.56.214:22122,VDSL2/G.FAST NCD,NCD,NTDFAN-S2-14,192.168.56.214,MIK_CRS226,AGG4_8/2/7:121,AGG6_7/2/4:121,n/a,n/a,,18:F1:45:XX:YY:ZZ,,,,

Resource
PONDPU-S2-12 APEX/ADTN182837F7/DSL01 [NCD01]


Source,Target,Status,Type
DSLNCD-S2-11 APEX/NCD01,PONDPU-S2-11 APEX/ADTN1828322B/DSL01 [NCD01],Requested,Route

Resource,Equipment Login,EquipmentFunction,EquipmentType,FanoutSw,FanoutSwIP,FanoutType,FanoutUplink1,FanoutUplink2,FanoutUplink3,FanoutUplink4,Location,MAC Address,RemotePDUIP,RemotePDULogin,RemotePDUName,RemotePDUPort
DSLNCD-S2-11 APEX/NCD01,ssh://admin:admin@192.168.56.214:21722,VDSL2/G.FAST NCD,NCD,NTDFAN-S2-14,192.168.56.214,MIK_CRS226,AGG4_8/2/7:117,AGG6_7/2/4:117,n/a,n/a,,18:F1:45:XX:YY:ZZ,,,,

Resource
PONDPU-S2-11 APEX/ADTN1828322B/DSL01 [NCD01]


Source,Target,Status,Type
DSLNCD-S2-07 APEX/NCD04,PONDPU-S2-07 APEX/ALCLDA002637/DSL04 [NCD04],Requested,Route

Resource,Equipment Login,EquipmentFunction,EquipmentType,FanoutSw,FanoutSwIP,FanoutType,FanoutUplink1,FanoutUplink2,FanoutUplink3,FanoutUplink4,Location,MAC Address,RemotePDUIP,RemotePDULogin,RemotePDUName,RemotePDUPort
DSLNCD-S2-07 APEX/NCD04,ssh://admin:admin@192.168.56.214:20422,VDSL2/G.FAST NCD,NCD,NTDFAN-S2-14,192.168.56.214,MIK_CRS226,AGG4_8/2/7:104,AGG6_7/2/4:104,n/a,n/a,,18F145A8B0E0,,,,

Resource
PONDPU-S2-07 APEX/ALCLDA002637/DSL04 [NCD04]


Source,Target,Status,Type
DSLNCD-S2-12 APEX/NCD03,PONDPU-S2-12 APEX/ALCLDA0026D1/DSL03 [NCD03],Requested,Route

Resource,Equipment Login,EquipmentFunction,EquipmentType,FanoutSw,FanoutSwIP,FanoutType,FanoutUplink1,FanoutUplink2,FanoutUplink3,FanoutUplink4,Location,MAC Address,RemotePDUIP,RemotePDULogin,RemotePDUName,RemotePDUPort
DSLNCD-S2-12 APEX/NCD03,ssh://admin:admin@192.168.56.214:22322,VDSL2/G.FAST NCD,NCD,NTDFAN-S2-14,192.168.56.214,MIK_CRS226,AGG4_8/2/7:123,AGG6_7/2/4:123,n/a,n/a,,18:F1:45:XX:YY:ZZ,,,,

Resource
PONDPU-S2-12 APEX/ALCLDA0026D1/DSL03 [NCD03]


Source,Target,Status,Type
DSLNCD-S2-07 APEX/NCD01,PONDPU-S2-07 APEX/ADTN18283411/DSL01 [NCD01],Connected,Route

Resource,Equipment Login,EquipmentFunction,EquipmentType,FanoutSw,FanoutSwIP,FanoutType,FanoutUplink1,FanoutUplink2,FanoutUplink3,FanoutUplink4,Location,MAC Address,RemotePDUIP,RemotePDULogin,RemotePDUName,RemotePDUPort
DSLNCD-S2-07 APEX/NCD01,ssh://admin:admin@192.168.56.214:20122,VDSL2/G.FAST NCD,NCD,NTDFAN-S2-14,192.168.56.214,MIK_CRS226,AGG4_8/2/7:101,AGG6_7/2/4:101,n/a,n/a,,18F145A8B154,,,,

Resource
PONDPU-S2-07 APEX/ADTN18283411/DSL01 [NCD01]


Source,Target,Status,Type
PONDPU-S2-07 APEX/Splitter PON Port,SWOLT0000209TS APEX/LT1-PON1,Connected,Route

Resource,Calient Patch,EquipmentFunction,EquipmentType
PONDPU-S2-07 APEX/Splitter PON Port,1.4.7,Optical Splitter,1:32

Resource,Calient Patch,EquipmentType
SWOLT0000209TS APEX/LT1-PON1,2.2.8,


Source,Target,Status,Type
DSLNCD-S2-09 APEX/NCD03,PONDPU-S2-09 APEX/ALCLDA000393/DSL03 [NCD03],Requested,Route

Resource,Equipment Login,EquipmentFunction,EquipmentType,FanoutSw,FanoutSwIP,FanoutType,FanoutUplink1,FanoutUplink2,FanoutUplink3,FanoutUplink4,Location,MAC Address,RemotePDUIP,RemotePDULogin,RemotePDUName,RemotePDUPort
DSLNCD-S2-09 APEX/NCD03,ssh://admin:admin@192.168.56.214:21122,VDSL2/G.FAST NCD,NCD,NTDFAN-S2-14,192.168.56.214,MIK_CRS226,AGG4_8/2/7:111,AGG6_7/2/4:111,n/a,n/a,,18:F1:45:XX:YY:ZZ,,,,

Resource
PONDPU-S2-09 APEX/ALCLDA000393/DSL03 [NCD03]


Source,Target,Status,Type
DSLNCD-S2-11 APEX/NCD02,PONDPU-S2-11 APEX/ADTN1828322B/DSL02 [NCD02],Requested,Route

Resource,Equipment Login,EquipmentFunction,EquipmentType,FanoutSw,FanoutSwIP,FanoutType,FanoutUplink1,FanoutUplink2,FanoutUplink3,FanoutUplink4,Location,MAC Address,RemotePDUIP,RemotePDULogin,RemotePDUName,RemotePDUPort
DSLNCD-S2-11 APEX/NCD02,ssh://admin:admin@192.168.56.214:21822,VDSL2/G.FAST NCD,NCD,NTDFAN-S2-14,192.168.56.214,MIK_CRS226,AGG4_8/2/7:118,AGG6_7/2/4:118,n/a,n/a,,18:F1:45:XX:YY:ZZ,,,,

Resource
PONDPU-S2-11 APEX/ADTN1828322B/DSL02 [NCD02]


Source,Target,Status,Type
DSLNCD-S2-12 APEX/NCD04,PONDPU-S2-12 APEX/ADTN182837F7/DSL04 [NCD04],Connected,Route

Resource,Equipment Login,EquipmentFunction,EquipmentType,FanoutSw,FanoutSwIP,FanoutType,FanoutUplink1,FanoutUplink2,FanoutUplink3,FanoutUplink4,Location,MAC Address,RemotePDUIP,RemotePDULogin,RemotePDUName,RemotePDUPort
DSLNCD-S2-12 APEX/NCD04,ssh://admin:admin@192.168.56.214:22422,VDSL2/G.FAST NCD,NCD,NTDFAN-S2-14,192.168.56.214,MIK_CRS226,AGG4_8/2/7:124,AGG6_7/2/4:124,n/a,n/a,,18:F1:45:XX:YY:ZZ,,,,

Resource
PONDPU-S2-12 APEX/ADTN182837F7/DSL04 [NCD04]


Source,Target,Status,Type
DSLNCD-S2-07 APEX/NCD02,PONDPU-S2-07 APEX/ALCLDA002637/DSL02 [NCD02],Requested,Route

Resource,Equipment Login,EquipmentFunction,EquipmentType,FanoutSw,FanoutSwIP,FanoutType,FanoutUplink1,FanoutUplink2,FanoutUplink3,FanoutUplink4,Location,MAC Address,RemotePDUIP,RemotePDULogin,RemotePDUName,RemotePDUPort
DSLNCD-S2-07 APEX/NCD02,ssh://admin:admin@192.168.56.214:20222,VDSL2/G.FAST NCD,NCD,NTDFAN-S2-14,192.168.56.214,MIK_CRS226,AGG4_8/2/7:102,AGG6_7/2/4:102,n/a,n/a,,18F145A8B14A,,,,

Resource
PONDPU-S2-07 APEX/ALCLDA002637/DSL02 [NCD02]


Source,Target,Status,Type
DSLNCD-S2-09 APEX/NCD01,PONDPU-S2-09 APEX/ADTN1828384B/DSL01 [NCD01],Connected,Route

Resource,Equipment Login,EquipmentFunction,EquipmentType,FanoutSw,FanoutSwIP,FanoutType,FanoutUplink1,FanoutUplink2,FanoutUplink3,FanoutUplink4,Location,MAC Address,RemotePDUIP,RemotePDULogin,RemotePDUName,RemotePDUPort
DSLNCD-S2-09 APEX/NCD01,ssh://admin:admin@192.168.56.214:20922,VDSL2/G.FAST NCD,NCD,NTDFAN-S2-14,192.168.56.214,MIK_CRS226,AGG4_8/2/7:109,AGG6_7/2/4:109,n/a,n/a,,18:F1:45:XX:YY:ZZ,,,,

Resource
PONDPU-S2-09 APEX/ADTN1828384B/DSL01 [NCD01]


Source,Target,Status,Type
DSLNCD-S2-08 APEX/NCD04,PONDPU-S2-08 APEX/ADTN18283769/DSL04 [NCD04],Connected,Route

Resource,Equipment Login,EquipmentFunction,EquipmentType,FanoutSw,FanoutSwIP,FanoutType,FanoutUplink1,FanoutUplink2,FanoutUplink3,FanoutUplink4,Location,MAC Address,RemotePDUIP,RemotePDULogin,RemotePDUName,RemotePDUPort
DSLNCD-S2-08 APEX/NCD04,ssh://admin:admin@192.168.56.214:20822,VDSL2/G.FAST NCD,NCD,NTDFAN-S2-14,192.168.56.214,MIK_CRS226,AGG4_8/2/7:108,AGG6_7/2/4:108,n/a,n/a,,18F145A8B133,,,,

Resource
PONDPU-S2-08 APEX/ADTN18283769/DSL04 [NCD04]


Source,Target,Status,Type
PONDPU-S2-08 APEX/Splitter PON Port,SWOLT0000209TS APEX/LT1-PON2,Connected,Route

Resource,Calient Patch,EquipmentFunction,EquipmentType
PONDPU-S2-08 APEX/Splitter PON Port,,Optical Splitter,1:32

Resource,Calient Patch,EquipmentType
SWOLT0000209TS APEX/LT1-PON2,2.8.4,


Source,Target,Status,Type
DSLNCD-S2-07 APEX/NCD02,PONDPU-S2-07 APEX/ADTN18283411/DSL02 [NCD02],Connected,Route

Resource,Equipment Login,EquipmentFunction,EquipmentType,FanoutSw,FanoutSwIP,FanoutType,FanoutUplink1,FanoutUplink2,FanoutUplink3,FanoutUplink4,Location,MAC Address,RemotePDUIP,RemotePDULogin,RemotePDUName,RemotePDUPort
DSLNCD-S2-07 APEX/NCD02,ssh://admin:admin@192.168.56.214:20222,VDSL2/G.FAST NCD,NCD,NTDFAN-S2-14,192.168.56.214,MIK_CRS226,AGG4_8/2/7:102,AGG6_7/2/4:102,n/a,n/a,,18F145A8B14A,,,,

Resource
PONDPU-S2-07 APEX/ADTN18283411/DSL02 [NCD02]


Source,Target,Status,Type
DSLNCD-S2-12 APEX/NCD04,PONDPU-S2-12 APEX/ALCLDA0026D1/DSL04 [NCD04],Requested,Route

Resource,Equipment Login,EquipmentFunction,EquipmentType,FanoutSw,FanoutSwIP,FanoutType,FanoutUplink1,FanoutUplink2,FanoutUplink3,FanoutUplink4,Location,MAC Address,RemotePDUIP,RemotePDULogin,RemotePDUName,RemotePDUPort
DSLNCD-S2-12 APEX/NCD04,ssh://admin:admin@192.168.56.214:22422,VDSL2/G.FAST NCD,NCD,NTDFAN-S2-14,192.168.56.214,MIK_CRS226,AGG4_8/2/7:124,AGG6_7/2/4:124,n/a,n/a,,18:F1:45:XX:YY:ZZ,,,,

Resource
PONDPU-S2-12 APEX/ALCLDA0026D1/DSL04 [NCD04]


Source,Target,Status,Type
PONDPU-S2-12 APEX/Splitter PON Port,SWOLT0000209TS APEX/LT3-PON7,Connected,Route

Resource,Calient Patch,EquipmentFunction,EquipmentType
PONDPU-S2-12 APEX/Splitter PON Port,,Optical Splitter,1:32

Resource,Calient Patch,EquipmentType
SWOLT0000209TS APEX/LT3-PON7,2.3.2,


Source,Target,Status,Type
DSLNCD-S2-09 APEX/NCD01,PONDPU-S2-09 APEX/ALCLDA000393/DSL01 [NCD01],Requested,Route

Resource,Equipment Login,EquipmentFunction,EquipmentType,FanoutSw,FanoutSwIP,FanoutType,FanoutUplink1,FanoutUplink2,FanoutUplink3,FanoutUplink4,Location,MAC Address,RemotePDUIP,RemotePDULogin,RemotePDUName,RemotePDUPort
DSLNCD-S2-09 APEX/NCD01,ssh://admin:admin@192.168.56.214:20922,VDSL2/G.FAST NCD,NCD,NTDFAN-S2-14,192.168.56.214,MIK_CRS226,AGG4_8/2/7:109,AGG6_7/2/4:109,n/a,n/a,,18:F1:45:XX:YY:ZZ,,,,

Resource
PONDPU-S2-09 APEX/ALCLDA000393/DSL01 [NCD01]


Source,Target,Status,Type
DSLNCD-S2-08 APEX/NCD01,PONDPU-S2-08 APEX/ALCLDA001FCA/DSL01 [NCD01],Connected,Route

Resource,Equipment Login,EquipmentFunction,EquipmentType,FanoutSw,FanoutSwIP,FanoutType,FanoutUplink1,FanoutUplink2,FanoutUplink3,FanoutUplink4,Location,MAC Address,RemotePDUIP,RemotePDULogin,RemotePDUName,RemotePDUPort
DSLNCD-S2-08 APEX/NCD01,ssh://admin:admin@192.168.56.214:20522,VDSL2/G.FAST NCD,NCD,NTDFAN-S2-14,192.168.56.214,MIK_CRS226,AGG4_8/2/7:105,AGG6_7/2/4:105,n/a,n/a,,18F145A8B157,,,,

Resource
PONDPU-S2-08 APEX/ALCLDA001FCA/DSL01 [NCD01]


Source,Target,Status,Type
DSLNCD-S2-08 APEX/NCD03,PONDPU-S2-08 APEX/ALCLDA001FCA/DSL03 [NCD03],Requested,Route

Resource,Equipment Login,EquipmentFunction,EquipmentType,FanoutSw,FanoutSwIP,FanoutType,FanoutUplink1,FanoutUplink2,FanoutUplink3,FanoutUplink4,Location,MAC Address,RemotePDUIP,RemotePDULogin,RemotePDUName,RemotePDUPort
DSLNCD-S2-08 APEX/NCD03,ssh://admin:admin@192.168.56.214:20722,VDSL2/G.FAST NCD,NCD,NTDFAN-S2-14,192.168.56.214,MIK_CRS226,AGG4_8/2/7:107,AGG6_7/2/4:107,n/a,n/a,,18F145A8B14F,,,,

Resource
PONDPU-S2-08 APEX/ALCLDA001FCA/DSL03 [NCD03]


Source,Target,Status,Type
DSLNCD-S2-11 APEX/NCD02,PONDPU-S2-11 APEX/ALCLDA00052E/DSL02 [NCD02],Connected,Route

Resource,Equipment Login,EquipmentFunction,EquipmentType,FanoutSw,FanoutSwIP,FanoutType,FanoutUplink1,FanoutUplink2,FanoutUplink3,FanoutUplink4,Location,MAC Address,RemotePDUIP,RemotePDULogin,RemotePDUName,RemotePDUPort
DSLNCD-S2-11 APEX/NCD02,ssh://admin:admin@192.168.56.214:21822,VDSL2/G.FAST NCD,NCD,NTDFAN-S2-14,192.168.56.214,MIK_CRS226,AGG4_8/2/7:118,AGG6_7/2/4:118,n/a,n/a,,18:F1:45:XX:YY:ZZ,,,,

Resource
PONDPU-S2-11 APEX/ALCLDA00052E/DSL02 [NCD02]


Source,Target,Status,Type
DSLNCD-S2-10 APEX/NCD04,PONDPU-S2-10 APEX/ADTN182853B8/DSL04 [NCD04],Connected,Route

Resource,Equipment Login,EquipmentFunction,EquipmentType,FanoutSw,FanoutSwIP,FanoutType,FanoutUplink1,FanoutUplink2,FanoutUplink3,FanoutUplink4,Location,MAC Address,RemotePDUIP,RemotePDULogin,RemotePDUName,RemotePDUPort
DSLNCD-S2-10 APEX/NCD04,ssh://admin:admin@192.168.56.214:21622,VDSL2/G.FAST NCD,NCD,NTDFAN-S2-14,192.168.56.214,MIK_CRS226,AGG4_8/2/7:116,AGG6_7/2/4:116,n/a,n/a,,18:F1:45:XX:YY:ZZ,,,,

Resource
PONDPU-S2-10 APEX/ADTN182853B8/DSL04 [NCD04]


Source,Target,Status,Type
DSLNCD-S2-08 APEX/NCD02,PONDPU-S2-08 APEX/ADTN18283769/DSL02 [NCD02],Requested,Route

Resource,Equipment Login,EquipmentFunction,EquipmentType,FanoutSw,FanoutSwIP,FanoutType,FanoutUplink1,FanoutUplink2,FanoutUplink3,FanoutUplink4,Location,MAC Address,RemotePDUIP,RemotePDULogin,RemotePDUName,RemotePDUPort
DSLNCD-S2-08 APEX/NCD02,ssh://admin:admin@192.168.56.214:20622,VDSL2/G.FAST NCD,NCD,NTDFAN-S2-14,192.168.56.214,MIK_CRS226,AGG4_8/2/7:106,AGG6_7/2/4:106,n/a,n/a,,18F145A8B10B,,,,

Resource
PONDPU-S2-08 APEX/ADTN18283769/DSL02 [NCD02]


Source,Target,Status,Type
PONDPU-S2-09 APEX/Splitter PON Port,SWOLT0000209TS APEX/LT1-PON5,Connected,Route

Resource,Calient Patch,EquipmentFunction,EquipmentType
PONDPU-S2-09 APEX/Splitter PON Port,,Optical Splitter,1:32

Resource,Calient Patch,EquipmentType
SWOLT0000209TS APEX/LT1-PON5,2.8.6,


Source,Target,Status,Type
DSLNCD-S2-08 APEX/NCD02,PONDPU-S2-08 APEX/ALCLDA001FCA/DSL02 [NCD02],Connected,Route

Resource,Equipment Login,EquipmentFunction,EquipmentType,FanoutSw,FanoutSwIP,FanoutType,FanoutUplink1,FanoutUplink2,FanoutUplink3,FanoutUplink4,Location,MAC Address,RemotePDUIP,RemotePDULogin,RemotePDUName,RemotePDUPort
DSLNCD-S2-08 APEX/NCD02,ssh://admin:admin@192.168.56.214:20622,VDSL2/G.FAST NCD,NCD,NTDFAN-S2-14,192.168.56.214,MIK_CRS226,AGG4_8/2/7:106,AGG6_7/2/4:106,n/a,n/a,,18F145A8B10B,,,,

Resource
PONDPU-S2-08 APEX/ALCLDA001FCA/DSL02 [NCD02]


Source,Target,Status,Type
DSLNCD-S2-10 APEX/NCD03,PONDPU-S2-10 APEX/ALCLDA0006E0/DSL03 [NCD03],Requested,Route

Resource,Equipment Login,EquipmentFunction,EquipmentType,FanoutSw,FanoutSwIP,FanoutType,FanoutUplink1,FanoutUplink2,FanoutUplink3,FanoutUplink4,Location,MAC Address,RemotePDUIP,RemotePDULogin,RemotePDUName,RemotePDUPort
DSLNCD-S2-10 APEX/NCD03,ssh://admin:admin@192.168.56.214:21522,VDSL2/G.FAST NCD,NCD,NTDFAN-S2-14,192.168.56.214,MIK_CRS226,AGG4_8/2/7:115,AGG6_7/2/4:115,n/a,n/a,,18:F1:45:XX:YY:ZZ,,,,

Resource
PONDPU-S2-10 APEX/ALCLDA0006E0/DSL03 [NCD03]


Source,Target,Status,Type
DSLNCD-S2-09 APEX/NCD04,PONDPU-S2-09 APEX/ALCLDA000393/DSL04 [NCD04],Requested,Route

Resource,Equipment Login,EquipmentFunction,EquipmentType,FanoutSw,FanoutSwIP,FanoutType,FanoutUplink1,FanoutUplink2,FanoutUplink3,FanoutUplink4,Location,MAC Address,RemotePDUIP,RemotePDULogin,RemotePDUName,RemotePDUPort
DSLNCD-S2-09 APEX/NCD04,ssh://admin:admin@192.168.56.214:21222,VDSL2/G.FAST NCD,NCD,NTDFAN-S2-14,192.168.56.214,MIK_CRS226,AGG4_8/2/7:112,AGG6_7/2/4:112,n/a,n/a,,18:F1:45:XX:YY:ZZ,,,,

Resource
PONDPU-S2-09 APEX/ALCLDA000393/DSL04 [NCD04]


Source,Target,Status,Type
DSLNCD-S2-08 APEX/NCD03,PONDPU-S2-08 APEX/ADTN18283769/DSL03 [NCD03],Connected,Route

Resource,Equipment Login,EquipmentFunction,EquipmentType,FanoutSw,FanoutSwIP,FanoutType,FanoutUplink1,FanoutUplink2,FanoutUplink3,FanoutUplink4,Location,MAC Address,RemotePDUIP,RemotePDULogin,RemotePDUName,RemotePDUPort
DSLNCD-S2-08 APEX/NCD03,ssh://admin:admin@192.168.56.214:20722,VDSL2/G.FAST NCD,NCD,NTDFAN-S2-14,192.168.56.214,MIK_CRS226,AGG4_8/2/7:107,AGG6_7/2/4:107,n/a,n/a,,18F145A8B14F,,,,

Resource
PONDPU-S2-08 APEX/ADTN18283769/DSL03 [NCD03]


Source,Target,Status,Type
DSLNCD-S2-07 APEX/NCD03,PONDPU-S2-07 APEX/ADTN18283411/DSL03 [NCD03],Connected,Route

Resource,Equipment Login,EquipmentFunction,EquipmentType,FanoutSw,FanoutSwIP,FanoutType,FanoutUplink1,FanoutUplink2,FanoutUplink3,FanoutUplink4,Location,MAC Address,RemotePDUIP,RemotePDULogin,RemotePDUName,RemotePDUPort
DSLNCD-S2-07 APEX/NCD03,ssh://admin:admin@192.168.56.214:20322,VDSL2/G.FAST NCD,NCD,NTDFAN-S2-14,192.168.56.214,MIK_CRS226,AGG4_8/2/7:103,AGG6_7/2/4:103,n/a,n/a,,18F145A8B0A3,,,,

Resource
PONDPU-S2-07 APEX/ADTN18283411/DSL03 [NCD03]


Source,Target,Status,Type
DSLNCD-S2-10 APEX/NCD01,PONDPU-S2-10 APEX/ALCLDA0006E0/DSL01 [NCD01],Requested,Route

Resource,Equipment Login,EquipmentFunction,EquipmentType,FanoutSw,FanoutSwIP,FanoutType,FanoutUplink1,FanoutUplink2,FanoutUplink3,FanoutUplink4,Location,MAC Address,RemotePDUIP,RemotePDULogin,RemotePDUName,RemotePDUPort
DSLNCD-S2-10 APEX/NCD01,ssh://admin:admin@192.168.56.214:21322,VDSL2/G.FAST NCD,NCD,NTDFAN-S2-14,192.168.56.214,MIK_CRS226,AGG4_8/2/7:113,AGG6_7/2/4:113,n/a,n/a,,18:F1:45:XX:YY:ZZ,,,,

Resource
PONDPU-S2-10 APEX/ALCLDA0006E0/DSL01 [NCD01]


Source,Target,Status,Type
DSLNCD-S2-11 APEX/NCD03,PONDPU-S2-11 APEX/ALCLDA00052E/DSL03 [NCD03],Connected,Route

Resource,Equipment Login,EquipmentFunction,EquipmentType,FanoutSw,FanoutSwIP,FanoutType,FanoutUplink1,FanoutUplink2,FanoutUplink3,FanoutUplink4,Location,MAC Address,RemotePDUIP,RemotePDULogin,RemotePDUName,RemotePDUPort
DSLNCD-S2-11 APEX/NCD03,ssh://admin:admin@192.168.56.214:21922,VDSL2/G.FAST NCD,NCD,NTDFAN-S2-14,192.168.56.214,MIK_CRS226,AGG4_8/2/7:119,AGG6_7/2/4:119,n/a,n/a,,18:F1:45:XX:YY:ZZ,,,,

Resource
PONDPU-S2-11 APEX/ALCLDA00052E/DSL03 [NCD03]


Source,Target,Status,Type
DSLNCD-S2-11 APEX/NCD01,PONDPU-S2-11 APEX/ALCLDA00052E/DSL01 [NCD01],Connected,Route

Resource,Equipment Login,EquipmentFunction,EquipmentType,FanoutSw,FanoutSwIP,FanoutType,FanoutUplink1,FanoutUplink2,FanoutUplink3,FanoutUplink4,Location,MAC Address,RemotePDUIP,RemotePDULogin,RemotePDUName,RemotePDUPort
DSLNCD-S2-11 APEX/NCD01,ssh://admin:admin@192.168.56.214:21722,VDSL2/G.FAST NCD,NCD,NTDFAN-S2-14,192.168.56.214,MIK_CRS226,AGG4_8/2/7:117,AGG6_7/2/4:117,n/a,n/a,,18:F1:45:XX:YY:ZZ,,,,

Resource
PONDPU-S2-11 APEX/ALCLDA00052E/DSL01 [NCD01]


Source,Target,Status,Type
DSLNCD-S2-09 APEX/NCD02,PONDPU-S2-09 APEX/ADTN1828384B/DSL02 [NCD02],Connected,Route

Resource,Equipment Login,EquipmentFunction,EquipmentType,FanoutSw,FanoutSwIP,FanoutType,FanoutUplink1,FanoutUplink2,FanoutUplink3,FanoutUplink4,Location,MAC Address,RemotePDUIP,RemotePDULogin,RemotePDUName,RemotePDUPort
DSLNCD-S2-09 APEX/NCD02,ssh://admin:admin@192.168.56.214:21022,VDSL2/G.FAST NCD,NCD,NTDFAN-S2-14,192.168.56.214,MIK_CRS226,AGG4_8/2/7:110,AGG6_7/2/4:110,n/a,n/a,,18:F1:45:XX:YY:ZZ,,,,

Resource
PONDPU-S2-09 APEX/ADTN1828384B/DSL02 [NCD02]


Source,Target,Status,Type
DSLNCD-S2-12 APEX/NCD03,PONDPU-S2-12 APEX/ADTN182837F7/DSL03 [NCD03],Connected,Route

Resource,Equipment Login,EquipmentFunction,EquipmentType,FanoutSw,FanoutSwIP,FanoutType,FanoutUplink1,FanoutUplink2,FanoutUplink3,FanoutUplink4,Location,MAC Address,RemotePDUIP,RemotePDULogin,RemotePDUName,RemotePDUPort
DSLNCD-S2-12 APEX/NCD03,ssh://admin:admin@192.168.56.214:22322,VDSL2/G.FAST NCD,NCD,NTDFAN-S2-14,192.168.56.214,MIK_CRS226,AGG4_8/2/7:123,AGG6_7/2/4:123,n/a,n/a,,18:F1:45:XX:YY:ZZ,,,,

Resource
PONDPU-S2-12 APEX/ADTN182837F7/DSL03 [NCD03]


Source,Target,Status,Type
DSLNCD-S2-09 APEX/NCD03,PONDPU-S2-09 APEX/ADTN1828384B/DSL03 [NCD03],Connected,Route

Resource,Equipment Login,EquipmentFunction,EquipmentType,FanoutSw,FanoutSwIP,FanoutType,FanoutUplink1,FanoutUplink2,FanoutUplink3,FanoutUplink4,Location,MAC Address,RemotePDUIP,RemotePDULogin,RemotePDUName,RemotePDUPort
DSLNCD-S2-09 APEX/NCD03,ssh://admin:admin@192.168.56.214:21122,VDSL2/G.FAST NCD,NCD,NTDFAN-S2-14,192.168.56.214,MIK_CRS226,AGG4_8/2/7:111,AGG6_7/2/4:111,n/a,n/a,,18:F1:45:XX:YY:ZZ,,,,

Resource
PONDPU-S2-09 APEX/ADTN1828384B/DSL03 [NCD03]


Source,Target,Status,Type
DSLNCD-S2-12 APEX/NCD02,PONDPU-S2-12 APEX/ADTN182837F7/DSL02 [NCD02],Connected,Route

Resource,Equipment Login,EquipmentFunction,EquipmentType,FanoutSw,FanoutSwIP,FanoutType,FanoutUplink1,FanoutUplink2,FanoutUplink3,FanoutUplink4,Location,MAC Address,RemotePDUIP,RemotePDULogin,RemotePDUName,RemotePDUPort
DSLNCD-S2-12 APEX/NCD02,ssh://admin:admin@192.168.56.214:22222,VDSL2/G.FAST NCD,NCD,NTDFAN-S2-14,192.168.56.214,MIK_CRS226,AGG4_8/2/7:122,AGG6_7/2/4:122,n/a,n/a,,18:F1:45:XX:YY:ZZ,,,,

Resource
PONDPU-S2-12 APEX/ADTN182837F7/DSL02 [NCD02]


Source,Target,Status,Type
DSLNCD-S2-11 APEX/NCD04,PONDPU-S2-11 APEX/ALCLDA00052E/DSL04 [NCD04],Connected,Route

Resource,Equipment Login,EquipmentFunction,EquipmentType,FanoutSw,FanoutSwIP,FanoutType,FanoutUplink1,FanoutUplink2,FanoutUplink3,FanoutUplink4,Location,MAC Address,RemotePDUIP,RemotePDULogin,RemotePDUName,RemotePDUPort
DSLNCD-S2-11 APEX/NCD04,ssh://admin:admin@192.168.56.214:22022,VDSL2/G.FAST NCD,NCD,NTDFAN-S2-14,192.168.56.214,MIK_CRS226,AGG4_8/2/7:120,AGG6_7/2/4:120,n/a,n/a,,18:F1:45:XX:YY:ZZ,,,,

Resource
PONDPU-S2-11 APEX/ALCLDA00052E/DSL04 [NCD04]


Source,Target,Status,Type
PONDPU-S2-10 APEX/Splitter PON Port,SWOLT0000209TS APEX/LT1-PON7,Connected,Route

Resource,Calient Patch,EquipmentFunction,EquipmentType
PONDPU-S2-10 APEX/Splitter PON Port,,Optical Splitter,1:32

Resource,Calient Patch,EquipmentType
SWOLT0000209TS APEX/LT1-PON7,2.5.5,


Source,Target,Status,Type
DSLNCD-S2-07 APEX/NCD03,PONDPU-S2-07 APEX/ALCLDA002637/DSL03 [NCD03],Requested,Route

Resource,Equipment Login,EquipmentFunction,EquipmentType,FanoutSw,FanoutSwIP,FanoutType,FanoutUplink1,FanoutUplink2,FanoutUplink3,FanoutUplink4,Location,MAC Address,RemotePDUIP,RemotePDULogin,RemotePDUName,RemotePDUPort
DSLNCD-S2-07 APEX/NCD03,ssh://admin:admin@192.168.56.214:20322,VDSL2/G.FAST NCD,NCD,NTDFAN-S2-14,192.168.56.214,MIK_CRS226,AGG4_8/2/7:103,AGG6_7/2/4:103,n/a,n/a,,18F145A8B0A3,,,,

Resource
PONDPU-S2-07 APEX/ALCLDA002637/DSL03 [NCD03]


Source,Target,Status,Type
DSLNCD-S2-09 APEX/NCD04,PONDPU-S2-09 APEX/ADTN1828384B/DSL04 [NCD04],Connected,Route

Resource,Equipment Login,EquipmentFunction,EquipmentType,FanoutSw,FanoutSwIP,FanoutType,FanoutUplink1,FanoutUplink2,FanoutUplink3,FanoutUplink4,Location,MAC Address,RemotePDUIP,RemotePDULogin,RemotePDUName,RemotePDUPort
DSLNCD-S2-09 APEX/NCD04,ssh://admin:admin@192.168.56.214:21222,VDSL2/G.FAST NCD,NCD,NTDFAN-S2-14,192.168.56.214,MIK_CRS226,AGG4_8/2/7:112,AGG6_7/2/4:112,n/a,n/a,,18:F1:45:XX:YY:ZZ,,,,

Resource
PONDPU-S2-09 APEX/ADTN1828384B/DSL04 [NCD04]


Source,Target,Status,Type
DSLNCD-S2-12 APEX/NCD01,PONDPU-S2-12 APEX/ALCLDA0026D1/DSL01 [NCD01],Requested,Route

Resource,Equipment Login,EquipmentFunction,EquipmentType,FanoutSw,FanoutSwIP,FanoutType,FanoutUplink1,FanoutUplink2,FanoutUplink3,FanoutUplink4,Location,MAC Address,RemotePDUIP,RemotePDULogin,RemotePDUName,RemotePDUPort
DSLNCD-S2-12 APEX/NCD01,ssh://admin:admin@192.168.56.214:22122,VDSL2/G.FAST NCD,NCD,NTDFAN-S2-14,192.168.56.214,MIK_CRS226,AGG4_8/2/7:121,AGG6_7/2/4:121,n/a,n/a,,18:F1:45:XX:YY:ZZ,,,,

Resource
PONDPU-S2-12 APEX/ALCLDA0026D1/DSL01 [NCD01]


Source,Target,Status,Type
DSLNCD-S2-08 APEX/NCD04,PONDPU-S2-08 APEX/ALCLDA001FCA/DSL04 [NCD04],Requested,Route

Resource,Equipment Login,EquipmentFunction,EquipmentType,FanoutSw,FanoutSwIP,FanoutType,FanoutUplink1,FanoutUplink2,FanoutUplink3,FanoutUplink4,Location,MAC Address,RemotePDUIP,RemotePDULogin,RemotePDUName,RemotePDUPort
DSLNCD-S2-08 APEX/NCD04,ssh://admin:admin@192.168.56.214:20822,VDSL2/G.FAST NCD,NCD,NTDFAN-S2-14,192.168.56.214,MIK_CRS226,AGG4_8/2/7:108,AGG6_7/2/4:108,n/a,n/a,,18F145A8B133,,,,

Resource
PONDPU-S2-08 APEX/ALCLDA001FCA/DSL04 [NCD04]


Source,Target,Status,Type
STC3 [UNI-D] APEX/Card3-Port9,DSLNCD-S2-07 APEX/NCD04,,VisualConnector

Resource,Equipment,EquipmentType,Firmware Version,IP address,Media,ProtocolType,Speed
STC3 [UNI-D] APEX/Card3-Port9,STC,,,192.168.56.94,,,1 Gig

Resource,Equipment Login,EquipmentFunction,EquipmentType,FanoutSw,FanoutSwIP,FanoutType,FanoutUplink1,FanoutUplink2,FanoutUplink3,FanoutUplink4,Location,MAC Address,RemotePDUIP,RemotePDULogin,RemotePDUName,RemotePDUPort
DSLNCD-S2-07 APEX/NCD04,ssh://admin:admin@192.168.56.214:20422,VDSL2/G.FAST NCD,NCD,NTDFAN-S2-14,192.168.56.214,MIK_CRS226,AGG4_8/2/7:104,AGG6_7/2/4:104,n/a,n/a,,18F145A8B0E0,,,,


Source,Target,Status,Type
STC3 [UNI-D] APEX/Card3-Port9,DSLNCD-S2-07 APEX/NCD03,,VisualConnector

Resource,Equipment,EquipmentType,Firmware Version,IP address,Media,ProtocolType,Speed
STC3 [UNI-D] APEX/Card3-Port9,STC,,,192.168.56.94,,,1 Gig

Resource,Equipment Login,EquipmentFunction,EquipmentType,FanoutSw,FanoutSwIP,FanoutType,FanoutUplink1,FanoutUplink2,FanoutUplink3,FanoutUplink4,Location,MAC Address,RemotePDUIP,RemotePDULogin,RemotePDUName,RemotePDUPort
DSLNCD-S2-07 APEX/NCD03,ssh://admin:admin@192.168.56.214:20322,VDSL2/G.FAST NCD,NCD,NTDFAN-S2-14,192.168.56.214,MIK_CRS226,AGG4_8/2/7:103,AGG6_7/2/4:103,n/a,n/a,,18F145A8B0A3,,,,


Source,Target,Status,Type
STC3 [UNI-D] APEX/Card3-Port9,DSLNCD-S2-07 APEX/NCD02,,VisualConnector

Resource,Equipment,EquipmentType,Firmware Version,IP address,Media,ProtocolType,Speed
STC3 [UNI-D] APEX/Card3-Port9,STC,,,192.168.56.94,,,1 Gig

Resource,Equipment Login,EquipmentFunction,EquipmentType,FanoutSw,FanoutSwIP,FanoutType,FanoutUplink1,FanoutUplink2,FanoutUplink3,FanoutUplink4,Location,MAC Address,RemotePDUIP,RemotePDULogin,RemotePDUName,RemotePDUPort
DSLNCD-S2-07 APEX/NCD02,ssh://admin:admin@192.168.56.214:20222,VDSL2/G.FAST NCD,NCD,NTDFAN-S2-14,192.168.56.214,MIK_CRS226,AGG4_8/2/7:102,AGG6_7/2/4:102,n/a,n/a,,18F145A8B14A,,,,


Source,Target,Status,Type
STC3 [UNI-D] APEX/Card3-Port9,DSLNCD-S2-07 APEX/NCD01,,VisualConnector

Resource,Equipment,EquipmentType,Firmware Version,IP address,Media,ProtocolType,Speed
STC3 [UNI-D] APEX/Card3-Port9,STC,,,192.168.56.94,,,1 Gig

Resource,Equipment Login,EquipmentFunction,EquipmentType,FanoutSw,FanoutSwIP,FanoutType,FanoutUplink1,FanoutUplink2,FanoutUplink3,FanoutUplink4,Location,MAC Address,RemotePDUIP,RemotePDULogin,RemotePDUName,RemotePDUPort
DSLNCD-S2-07 APEX/NCD01,ssh://admin:admin@192.168.56.214:20122,VDSL2/G.FAST NCD,NCD,NTDFAN-S2-14,192.168.56.214,MIK_CRS226,AGG4_8/2/7:101,AGG6_7/2/4:101,n/a,n/a,,18F145A8B154,,,,


Source,Target,Status,Type
STC3 [UNI-D] APEX/Card4-Port1,DSLNCD-S2-09 APEX/NCD04,,VisualConnector

Resource,Equipment,EquipmentType,Firmware Version,IP address,Media,ProtocolType,Speed
STC3 [UNI-D] APEX/Card4-Port1,STC,,,192.168.56.94,,,1 Gig

Resource,Equipment Login,EquipmentFunction,EquipmentType,FanoutSw,FanoutSwIP,FanoutType,FanoutUplink1,FanoutUplink2,FanoutUplink3,FanoutUplink4,Location,MAC Address,RemotePDUIP,RemotePDULogin,RemotePDUName,RemotePDUPort
DSLNCD-S2-09 APEX/NCD04,ssh://admin:admin@192.168.56.214:21222,VDSL2/G.FAST NCD,NCD,NTDFAN-S2-14,192.168.56.214,MIK_CRS226,AGG4_8/2/7:112,AGG6_7/2/4:112,n/a,n/a,,18:F1:45:XX:YY:ZZ,,,,


Source,Target,Status,Type
STC3 [UNI-D] APEX/Card4-Port1,DSLNCD-S2-09 APEX/NCD03,,VisualConnector

Resource,Equipment,EquipmentType,Firmware Version,IP address,Media,ProtocolType,Speed
STC3 [UNI-D] APEX/Card4-Port1,STC,,,192.168.56.94,,,1 Gig

Resource,Equipment Login,EquipmentFunction,EquipmentType,FanoutSw,FanoutSwIP,FanoutType,FanoutUplink1,FanoutUplink2,FanoutUplink3,FanoutUplink4,Location,MAC Address,RemotePDUIP,RemotePDULogin,RemotePDUName,RemotePDUPort
DSLNCD-S2-09 APEX/NCD03,ssh://admin:admin@192.168.56.214:21122,VDSL2/G.FAST NCD,NCD,NTDFAN-S2-14,192.168.56.214,MIK_CRS226,AGG4_8/2/7:111,AGG6_7/2/4:111,n/a,n/a,,18:F1:45:XX:YY:ZZ,,,,


Source,Target,Status,Type
STC3 [UNI-D] APEX/Card4-Port1,DSLNCD-S2-09 APEX/NCD02,,VisualConnector

Resource,Equipment,EquipmentType,Firmware Version,IP address,Media,ProtocolType,Speed
STC3 [UNI-D] APEX/Card4-Port1,STC,,,192.168.56.94,,,1 Gig

Resource,Equipment Login,EquipmentFunction,EquipmentType,FanoutSw,FanoutSwIP,FanoutType,FanoutUplink1,FanoutUplink2,FanoutUplink3,FanoutUplink4,Location,MAC Address,RemotePDUIP,RemotePDULogin,RemotePDUName,RemotePDUPort
DSLNCD-S2-09 APEX/NCD02,ssh://admin:admin@192.168.56.214:21022,VDSL2/G.FAST NCD,NCD,NTDFAN-S2-14,192.168.56.214,MIK_CRS226,AGG4_8/2/7:110,AGG6_7/2/4:110,n/a,n/a,,18:F1:45:XX:YY:ZZ,,,,


Source,Target,Status,Type
STC3 [UNI-D] APEX/Card4-Port1,DSLNCD-S2-09 APEX/NCD01,,VisualConnector

Resource,Equipment,EquipmentType,Firmware Version,IP address,Media,ProtocolType,Speed
STC3 [UNI-D] APEX/Card4-Port1,STC,,,192.168.56.94,,,1 Gig

Resource,Equipment Login,EquipmentFunction,EquipmentType,FanoutSw,FanoutSwIP,FanoutType,FanoutUplink1,FanoutUplink2,FanoutUplink3,FanoutUplink4,Location,MAC Address,RemotePDUIP,RemotePDULogin,RemotePDUName,RemotePDUPort
DSLNCD-S2-09 APEX/NCD01,ssh://admin:admin@192.168.56.214:20922,VDSL2/G.FAST NCD,NCD,NTDFAN-S2-14,192.168.56.214,MIK_CRS226,AGG4_8/2/7:109,AGG6_7/2/4:109,n/a,n/a,,18:F1:45:XX:YY:ZZ,,,,


Source,Target,Status,Type
STC3 [UNI-D] APEX/Card4-Port3,DSLNCD-S2-10 APEX/NCD04,,VisualConnector

Resource,Equipment,EquipmentType,Firmware Version,IP address,Media,ProtocolType,Speed
STC3 [UNI-D] APEX/Card4-Port3,STC,,,192.168.56.94,,,1 Gig

Resource,Equipment Login,EquipmentFunction,EquipmentType,FanoutSw,FanoutSwIP,FanoutType,FanoutUplink1,FanoutUplink2,FanoutUplink3,FanoutUplink4,Location,MAC Address,RemotePDUIP,RemotePDULogin,RemotePDUName,RemotePDUPort
DSLNCD-S2-10 APEX/NCD04,ssh://admin:admin@192.168.56.214:21622,VDSL2/G.FAST NCD,NCD,NTDFAN-S2-14,192.168.56.214,MIK_CRS226,AGG4_8/2/7:116,AGG6_7/2/4:116,n/a,n/a,,18:F1:45:XX:YY:ZZ,,,,


Source,Target,Status,Type
STC3 [UNI-D] APEX/Card4-Port3,DSLNCD-S2-10 APEX/NCD03,,VisualConnector

Resource,Equipment,EquipmentType,Firmware Version,IP address,Media,ProtocolType,Speed
STC3 [UNI-D] APEX/Card4-Port3,STC,,,192.168.56.94,,,1 Gig

Resource,Equipment Login,EquipmentFunction,EquipmentType,FanoutSw,FanoutSwIP,FanoutType,FanoutUplink1,FanoutUplink2,FanoutUplink3,FanoutUplink4,Location,MAC Address,RemotePDUIP,RemotePDULogin,RemotePDUName,RemotePDUPort
DSLNCD-S2-10 APEX/NCD03,ssh://admin:admin@192.168.56.214:21522,VDSL2/G.FAST NCD,NCD,NTDFAN-S2-14,192.168.56.214,MIK_CRS226,AGG4_8/2/7:115,AGG6_7/2/4:115,n/a,n/a,,18:F1:45:XX:YY:ZZ,,,,


Source,Target,Status,Type
STC3 [UNI-D] APEX/Card4-Port3,DSLNCD-S2-10 APEX/NCD02,,VisualConnector

Resource,Equipment,EquipmentType,Firmware Version,IP address,Media,ProtocolType,Speed
STC3 [UNI-D] APEX/Card4-Port3,STC,,,192.168.56.94,,,1 Gig

Resource,Equipment Login,EquipmentFunction,EquipmentType,FanoutSw,FanoutSwIP,FanoutType,FanoutUplink1,FanoutUplink2,FanoutUplink3,FanoutUplink4,Location,MAC Address,RemotePDUIP,RemotePDULogin,RemotePDUName,RemotePDUPort
DSLNCD-S2-10 APEX/NCD02,ssh://admin:admin@192.168.56.214:21422,VDSL2/G.FAST NCD,NCD,NTDFAN-S2-14,192.168.56.214,MIK_CRS226,AGG4_8/2/7:114,AGG6_7/2/4:114,n/a,n/a,,18:F1:45:XX:YY:ZZ,,,,


Source,Target,Status,Type
STC3 [UNI-D] APEX/Card4-Port3,DSLNCD-S2-10 APEX/NCD01,,VisualConnector

Resource,Equipment,EquipmentType,Firmware Version,IP address,Media,ProtocolType,Speed
STC3 [UNI-D] APEX/Card4-Port3,STC,,,192.168.56.94,,,1 Gig

Resource,Equipment Login,EquipmentFunction,EquipmentType,FanoutSw,FanoutSwIP,FanoutType,FanoutUplink1,FanoutUplink2,FanoutUplink3,FanoutUplink4,Location,MAC Address,RemotePDUIP,RemotePDULogin,RemotePDUName,RemotePDUPort
DSLNCD-S2-10 APEX/NCD01,ssh://admin:admin@192.168.56.214:21322,VDSL2/G.FAST NCD,NCD,NTDFAN-S2-14,192.168.56.214,MIK_CRS226,AGG4_8/2/7:113,AGG6_7/2/4:113,n/a,n/a,,18:F1:45:XX:YY:ZZ,,,,


Source,Target,Status,Type
STC3 [UNI-D] APEX/Card4-Port5,DSLNCD-S2-11 APEX/NCD04,,VisualConnector

Resource,Equipment,EquipmentType,Firmware Version,IP address,Media,ProtocolType,Speed
STC3 [UNI-D] APEX/Card4-Port5,STC,,,192.168.56.94,,,1 Gig

Resource,Equipment Login,EquipmentFunction,EquipmentType,FanoutSw,FanoutSwIP,FanoutType,FanoutUplink1,FanoutUplink2,FanoutUplink3,FanoutUplink4,Location,MAC Address,RemotePDUIP,RemotePDULogin,RemotePDUName,RemotePDUPort
DSLNCD-S2-11 APEX/NCD04,ssh://admin:admin@192.168.56.214:22022,VDSL2/G.FAST NCD,NCD,NTDFAN-S2-14,192.168.56.214,MIK_CRS226,AGG4_8/2/7:120,AGG6_7/2/4:120,n/a,n/a,,18:F1:45:XX:YY:ZZ,,,,


Source,Target,Status,Type
STC3 [UNI-D] APEX/Card4-Port5,DSLNCD-S2-11 APEX/NCD03,,VisualConnector

Resource,Equipment,EquipmentType,Firmware Version,IP address,Media,ProtocolType,Speed
STC3 [UNI-D] APEX/Card4-Port5,STC,,,192.168.56.94,,,1 Gig

Resource,Equipment Login,EquipmentFunction,EquipmentType,FanoutSw,FanoutSwIP,FanoutType,FanoutUplink1,FanoutUplink2,FanoutUplink3,FanoutUplink4,Location,MAC Address,RemotePDUIP,RemotePDULogin,RemotePDUName,RemotePDUPort
DSLNCD-S2-11 APEX/NCD03,ssh://admin:admin@192.168.56.214:21922,VDSL2/G.FAST NCD,NCD,NTDFAN-S2-14,192.168.56.214,MIK_CRS226,AGG4_8/2/7:119,AGG6_7/2/4:119,n/a,n/a,,18:F1:45:XX:YY:ZZ,,,,


Source,Target,Status,Type
STC3 [UNI-D] APEX/Card4-Port5,DSLNCD-S2-11 APEX/NCD02,,VisualConnector

Resource,Equipment,EquipmentType,Firmware Version,IP address,Media,ProtocolType,Speed
STC3 [UNI-D] APEX/Card4-Port5,STC,,,192.168.56.94,,,1 Gig

Resource,Equipment Login,EquipmentFunction,EquipmentType,FanoutSw,FanoutSwIP,FanoutType,FanoutUplink1,FanoutUplink2,FanoutUplink3,FanoutUplink4,Location,MAC Address,RemotePDUIP,RemotePDULogin,RemotePDUName,RemotePDUPort
DSLNCD-S2-11 APEX/NCD02,ssh://admin:admin@192.168.56.214:21822,VDSL2/G.FAST NCD,NCD,NTDFAN-S2-14,192.168.56.214,MIK_CRS226,AGG4_8/2/7:118,AGG6_7/2/4:118,n/a,n/a,,18:F1:45:XX:YY:ZZ,,,,


Source,Target,Status,Type
STC3 [UNI-D] APEX/Card4-Port5,DSLNCD-S2-11 APEX/NCD01,,VisualConnector

Resource,Equipment,EquipmentType,Firmware Version,IP address,Media,ProtocolType,Speed
STC3 [UNI-D] APEX/Card4-Port5,STC,,,192.168.56.94,,,1 Gig

Resource,Equipment Login,EquipmentFunction,EquipmentType,FanoutSw,FanoutSwIP,FanoutType,FanoutUplink1,FanoutUplink2,FanoutUplink3,FanoutUplink4,Location,MAC Address,RemotePDUIP,RemotePDULogin,RemotePDUName,RemotePDUPort
DSLNCD-S2-11 APEX/NCD01,ssh://admin:admin@192.168.56.214:21722,VDSL2/G.FAST NCD,NCD,NTDFAN-S2-14,192.168.56.214,MIK_CRS226,AGG4_8/2/7:117,AGG6_7/2/4:117,n/a,n/a,,18:F1:45:XX:YY:ZZ,,,,


Source,Target,Status,Type
STC3 [UNI-D] APEX/Card4-Port9,DSLNCD-S2-12 APEX/NCD04,,VisualConnector

Resource,Equipment,EquipmentType,Firmware Version,IP address,Media,ProtocolType,Speed
STC3 [UNI-D] APEX/Card4-Port9,STC,,,192.168.56.94,,,1 Gig

Resource,Equipment Login,EquipmentFunction,EquipmentType,FanoutSw,FanoutSwIP,FanoutType,FanoutUplink1,FanoutUplink2,FanoutUplink3,FanoutUplink4,Location,MAC Address,RemotePDUIP,RemotePDULogin,RemotePDUName,RemotePDUPort
DSLNCD-S2-12 APEX/NCD04,ssh://admin:admin@192.168.56.214:22422,VDSL2/G.FAST NCD,NCD,NTDFAN-S2-14,192.168.56.214,MIK_CRS226,AGG4_8/2/7:124,AGG6_7/2/4:124,n/a,n/a,,18:F1:45:XX:YY:ZZ,,,,


Source,Target,Status,Type
STC3 [UNI-D] APEX/Card4-Port9,DSLNCD-S2-12 APEX/NCD03,,VisualConnector

Resource,Equipment,EquipmentType,Firmware Version,IP address,Media,ProtocolType,Speed
STC3 [UNI-D] APEX/Card4-Port9,STC,,,192.168.56.94,,,1 Gig

Resource,Equipment Login,EquipmentFunction,EquipmentType,FanoutSw,FanoutSwIP,FanoutType,FanoutUplink1,FanoutUplink2,FanoutUplink3,FanoutUplink4,Location,MAC Address,RemotePDUIP,RemotePDULogin,RemotePDUName,RemotePDUPort
DSLNCD-S2-12 APEX/NCD03,ssh://admin:admin@192.168.56.214:22322,VDSL2/G.FAST NCD,NCD,NTDFAN-S2-14,192.168.56.214,MIK_CRS226,AGG4_8/2/7:123,AGG6_7/2/4:123,n/a,n/a,,18:F1:45:XX:YY:ZZ,,,,


Source,Target,Status,Type
STC3 [UNI-D] APEX/Card4-Port9,DSLNCD-S2-12 APEX/NCD02,,VisualConnector

Resource,Equipment,EquipmentType,Firmware Version,IP address,Media,ProtocolType,Speed
STC3 [UNI-D] APEX/Card4-Port9,STC,,,192.168.56.94,,,1 Gig

Resource,Equipment Login,EquipmentFunction,EquipmentType,FanoutSw,FanoutSwIP,FanoutType,FanoutUplink1,FanoutUplink2,FanoutUplink3,FanoutUplink4,Location,MAC Address,RemotePDUIP,RemotePDULogin,RemotePDUName,RemotePDUPort
DSLNCD-S2-12 APEX/NCD02,ssh://admin:admin@192.168.56.214:22222,VDSL2/G.FAST NCD,NCD,NTDFAN-S2-14,192.168.56.214,MIK_CRS226,AGG4_8/2/7:122,AGG6_7/2/4:122,n/a,n/a,,18:F1:45:XX:YY:ZZ,,,,


Source,Target,Status,Type
STC3 [UNI-D] APEX/Card4-Port9,DSLNCD-S2-12 APEX/NCD01,,VisualConnector

Resource,Equipment,EquipmentType,Firmware Version,IP address,Media,ProtocolType,Speed
STC3 [UNI-D] APEX/Card4-Port9,STC,,,192.168.56.94,,,1 Gig

Resource,Equipment Login,EquipmentFunction,EquipmentType,FanoutSw,FanoutSwIP,FanoutType,FanoutUplink1,FanoutUplink2,FanoutUplink3,FanoutUplink4,Location,MAC Address,RemotePDUIP,RemotePDULogin,RemotePDUName,RemotePDUPort
DSLNCD-S2-12 APEX/NCD01,ssh://admin:admin@192.168.56.214:22122,VDSL2/G.FAST NCD,NCD,NTDFAN-S2-14,192.168.56.214,MIK_CRS226,AGG4_8/2/7:121,AGG6_7/2/4:121,n/a,n/a,,18:F1:45:XX:YY:ZZ,,,,


Source,Target,Status,Type
STC2 [E-NNI] APEX/Card4-Port2,VIC Distributed POI APEX,,VisualConnector

Resource,Equipment,EquipmentType,Firmware Version,IP address,Media,ProtocolType,Speed
STC2 [E-NNI] APEX/Card4-Port2,STC,,,192.168.56.66,,,1 Gig

Resource,POI name
VIC Distributed POI APEX,VIC Distributed POI


Source,Target,Status,Type
STC2 [E-NNI] APEX/Card4-Port9,VIC Distributed POI APEX,,VisualConnector

Resource,Equipment,EquipmentType,Firmware Version,IP address,Media,ProtocolType,Speed
STC2 [E-NNI] APEX/Card4-Port9,STC,,,192.168.56.66,,,1 Gig

Resource,POI name
VIC Distributed POI APEX,VIC Distributed POI


Source,Target,Status,Type
STC1 [UNI-D] APEX/Card10-Port3,DSLNCD-S2-08 APEX/NCD04,,VisualConnector

Resource,Equipment,EquipmentType,Firmware Version,IP address
STC1 [UNI-D] APEX/Card10-Port3,STC,,,192.168.56.4

Resource,Equipment Login,EquipmentFunction,EquipmentType,FanoutSw,FanoutSwIP,FanoutType,FanoutUplink1,FanoutUplink2,FanoutUplink3,FanoutUplink4,Location,MAC Address,RemotePDUIP,RemotePDULogin,RemotePDUName,RemotePDUPort
DSLNCD-S2-08 APEX/NCD04,ssh://admin:admin@192.168.56.214:20822,VDSL2/G.FAST NCD,NCD,NTDFAN-S2-14,192.168.56.214,MIK_CRS226,AGG4_8/2/7:108,AGG6_7/2/4:108,n/a,n/a,,18F145A8B133,,,,


Source,Target,Status,Type
STC1 [UNI-D] APEX/Card10-Port3,DSLNCD-S2-08 APEX/NCD03,,VisualConnector

Resource,Equipment,EquipmentType,Firmware Version,IP address
STC1 [UNI-D] APEX/Card10-Port3,STC,,,192.168.56.4

Resource,Equipment Login,EquipmentFunction,EquipmentType,FanoutSw,FanoutSwIP,FanoutType,FanoutUplink1,FanoutUplink2,FanoutUplink3,FanoutUplink4,Location,MAC Address,RemotePDUIP,RemotePDULogin,RemotePDUName,RemotePDUPort
DSLNCD-S2-08 APEX/NCD03,ssh://admin:admin@192.168.56.214:20722,VDSL2/G.FAST NCD,NCD,NTDFAN-S2-14,192.168.56.214,MIK_CRS226,AGG4_8/2/7:107,AGG6_7/2/4:107,n/a,n/a,,18F145A8B14F,,,,


Source,Target,Status,Type
STC1 [UNI-D] APEX/Card10-Port3,DSLNCD-S2-08 APEX/NCD02,,VisualConnector

Resource,Equipment,EquipmentType,Firmware Version,IP address
STC1 [UNI-D] APEX/Card10-Port3,STC,,,192.168.56.4

Resource,Equipment Login,EquipmentFunction,EquipmentType,FanoutSw,FanoutSwIP,FanoutType,FanoutUplink1,FanoutUplink2,FanoutUplink3,FanoutUplink4,Location,MAC Address,RemotePDUIP,RemotePDULogin,RemotePDUName,RemotePDUPort
DSLNCD-S2-08 APEX/NCD02,ssh://admin:admin@192.168.56.214:20622,VDSL2/G.FAST NCD,NCD,NTDFAN-S2-14,192.168.56.214,MIK_CRS226,AGG4_8/2/7:106,AGG6_7/2/4:106,n/a,n/a,,18F145A8B10B,,,,


Source,Target,Status,Type
STC1 [UNI-D] APEX/Card10-Port3,DSLNCD-S2-08 APEX/NCD01,,VisualConnector

Resource,Equipment,EquipmentType,Firmware Version,IP address
STC1 [UNI-D] APEX/Card10-Port3,STC,,,192.168.56.4

Resource,Equipment Login,EquipmentFunction,EquipmentType,FanoutSw,FanoutSwIP,FanoutType,FanoutUplink1,FanoutUplink2,FanoutUplink3,FanoutUplink4,Location,MAC Address,RemotePDUIP,RemotePDULogin,RemotePDUName,RemotePDUPort
DSLNCD-S2-08 APEX/NCD01,ssh://admin:admin@192.168.56.214:20522,VDSL2/G.FAST NCD,NCD,NTDFAN-S2-14,192.168.56.214,MIK_CRS226,AGG4_8/2/7:105,AGG6_7/2/4:105,n/a,n/a,,18F145A8B157,,,,


Source,Target,Status,Type
STC1 [E-NNI] APEX/Card10-Port6,VIC Distributed POI APEX,,VisualConnector

Resource,Equipment,EquipmentType,Firmware Version,IP address
STC1 [E-NNI] APEX/Card10-Port6,STC,,,192.168.56.4

Resource,POI name
VIC Distributed POI APEX,VIC Distributed POI


Source,Target,Status,Type
DSLNCD-S2-07 APEX/NCD04,PONDPU-S2-07 APEX/ALCLDA002637/DSL04 [NCD04],,VisualConnector

Resource,Equipment Login,EquipmentFunction,EquipmentType,FanoutSw,FanoutSwIP,FanoutType,FanoutUplink1,FanoutUplink2,FanoutUplink3,FanoutUplink4,Location,MAC Address,RemotePDUIP,RemotePDULogin,RemotePDUName,RemotePDUPort
DSLNCD-S2-07 APEX/NCD04,ssh://admin:admin@192.168.56.214:20422,VDSL2/G.FAST NCD,NCD,NTDFAN-S2-14,192.168.56.214,MIK_CRS226,AGG4_8/2/7:104,AGG6_7/2/4:104,n/a,n/a,,18F145A8B0E0,,,,

Resource
PONDPU-S2-07 APEX/ALCLDA002637/DSL04 [NCD04]


Source,Target,Status,Type
DSLNCD-S2-07 APEX/NCD03,PONDPU-S2-07 APEX/ALCLDA002637/DSL03 [NCD03],,VisualConnector

Resource,Equipment Login,EquipmentFunction,EquipmentType,FanoutSw,FanoutSwIP,FanoutType,FanoutUplink1,FanoutUplink2,FanoutUplink3,FanoutUplink4,Location,MAC Address,RemotePDUIP,RemotePDULogin,RemotePDUName,RemotePDUPort
DSLNCD-S2-07 APEX/NCD03,ssh://admin:admin@192.168.56.214:20322,VDSL2/G.FAST NCD,NCD,NTDFAN-S2-14,192.168.56.214,MIK_CRS226,AGG4_8/2/7:103,AGG6_7/2/4:103,n/a,n/a,,18F145A8B0A3,,,,

Resource
PONDPU-S2-07 APEX/ALCLDA002637/DSL03 [NCD03]


Source,Target,Status,Type
DSLNCD-S2-07 APEX/NCD02,PONDPU-S2-07 APEX/ALCLDA002637/DSL02 [NCD02],,VisualConnector

Resource,Equipment Login,EquipmentFunction,EquipmentType,FanoutSw,FanoutSwIP,FanoutType,FanoutUplink1,FanoutUplink2,FanoutUplink3,FanoutUplink4,Location,MAC Address,RemotePDUIP,RemotePDULogin,RemotePDUName,RemotePDUPort
DSLNCD-S2-07 APEX/NCD02,ssh://admin:admin@192.168.56.214:20222,VDSL2/G.FAST NCD,NCD,NTDFAN-S2-14,192.168.56.214,MIK_CRS226,AGG4_8/2/7:102,AGG6_7/2/4:102,n/a,n/a,,18F145A8B14A,,,,

Resource
PONDPU-S2-07 APEX/ALCLDA002637/DSL02 [NCD02]


Source,Target,Status,Type
DSLNCD-S2-07 APEX/NCD01,PONDPU-S2-07 APEX/ALCLDA002637/DSL01 [NCD01],,VisualConnector

Resource,Equipment Login,EquipmentFunction,EquipmentType,FanoutSw,FanoutSwIP,FanoutType,FanoutUplink1,FanoutUplink2,FanoutUplink3,FanoutUplink4,Location,MAC Address,RemotePDUIP,RemotePDULogin,RemotePDUName,RemotePDUPort
DSLNCD-S2-07 APEX/NCD01,ssh://admin:admin@192.168.56.214:20122,VDSL2/G.FAST NCD,NCD,NTDFAN-S2-14,192.168.56.214,MIK_CRS226,AGG4_8/2/7:101,AGG6_7/2/4:101,n/a,n/a,,18F145A8B154,,,,

Resource
PONDPU-S2-07 APEX/ALCLDA002637/DSL01 [NCD01]


Source,Target,Status,Type
DSLNCD-S2-08 APEX/NCD04,PONDPU-S2-08 APEX/ALCLDA001FCA/DSL04 [NCD04],,VisualConnector

Resource,Equipment Login,EquipmentFunction,EquipmentType,FanoutSw,FanoutSwIP,FanoutType,FanoutUplink1,FanoutUplink2,FanoutUplink3,FanoutUplink4,Location,MAC Address,RemotePDUIP,RemotePDULogin,RemotePDUName,RemotePDUPort
DSLNCD-S2-08 APEX/NCD04,ssh://admin:admin@192.168.56.214:20822,VDSL2/G.FAST NCD,NCD,NTDFAN-S2-14,192.168.56.214,MIK_CRS226,AGG4_8/2/7:108,AGG6_7/2/4:108,n/a,n/a,,18F145A8B133,,,,

Resource
PONDPU-S2-08 APEX/ALCLDA001FCA/DSL04 [NCD04]


Source,Target,Status,Type
DSLNCD-S2-08 APEX/NCD03,PONDPU-S2-08 APEX/ALCLDA001FCA/DSL03 [NCD03],,VisualConnector

Resource,Equipment Login,EquipmentFunction,EquipmentType,FanoutSw,FanoutSwIP,FanoutType,FanoutUplink1,FanoutUplink2,FanoutUplink3,FanoutUplink4,Location,MAC Address,RemotePDUIP,RemotePDULogin,RemotePDUName,RemotePDUPort
DSLNCD-S2-08 APEX/NCD03,ssh://admin:admin@192.168.56.214:20722,VDSL2/G.FAST NCD,NCD,NTDFAN-S2-14,192.168.56.214,MIK_CRS226,AGG4_8/2/7:107,AGG6_7/2/4:107,n/a,n/a,,18F145A8B14F,,,,

Resource
PONDPU-S2-08 APEX/ALCLDA001FCA/DSL03 [NCD03]


Source,Target,Status,Type
DSLNCD-S2-08 APEX/NCD02,PONDPU-S2-08 APEX/ALCLDA001FCA/DSL02 [NCD02],,VisualConnector

Resource,Equipment Login,EquipmentFunction,EquipmentType,FanoutSw,FanoutSwIP,FanoutType,FanoutUplink1,FanoutUplink2,FanoutUplink3,FanoutUplink4,Location,MAC Address,RemotePDUIP,RemotePDULogin,RemotePDUName,RemotePDUPort
DSLNCD-S2-08 APEX/NCD02,ssh://admin:admin@192.168.56.214:20622,VDSL2/G.FAST NCD,NCD,NTDFAN-S2-14,192.168.56.214,MIK_CRS226,AGG4_8/2/7:106,AGG6_7/2/4:106,n/a,n/a,,18F145A8B10B,,,,

Resource
PONDPU-S2-08 APEX/ALCLDA001FCA/DSL02 [NCD02]


Source,Target,Status,Type
DSLNCD-S2-08 APEX/NCD01,PONDPU-S2-08 APEX/ALCLDA001FCA/DSL01 [NCD01],,VisualConnector

Resource,Equipment Login,EquipmentFunction,EquipmentType,FanoutSw,FanoutSwIP,FanoutType,FanoutUplink1,FanoutUplink2,FanoutUplink3,FanoutUplink4,Location,MAC Address,RemotePDUIP,RemotePDULogin,RemotePDUName,RemotePDUPort
DSLNCD-S2-08 APEX/NCD01,ssh://admin:admin@192.168.56.214:20522,VDSL2/G.FAST NCD,NCD,NTDFAN-S2-14,192.168.56.214,MIK_CRS226,AGG4_8/2/7:105,AGG6_7/2/4:105,n/a,n/a,,18F145A8B157,,,,

Resource
PONDPU-S2-08 APEX/ALCLDA001FCA/DSL01 [NCD01]


Source,Target,Status,Type
DSLNCD-S2-09 APEX/NCD04,PONDPU-S2-09 APEX/ALCLDA000393/DSL04 [NCD04],,VisualConnector

Resource,Equipment Login,EquipmentFunction,EquipmentType,FanoutSw,FanoutSwIP,FanoutType,FanoutUplink1,FanoutUplink2,FanoutUplink3,FanoutUplink4,Location,MAC Address,RemotePDUIP,RemotePDULogin,RemotePDUName,RemotePDUPort
DSLNCD-S2-09 APEX/NCD04,ssh://admin:admin@192.168.56.214:21222,VDSL2/G.FAST NCD,NCD,NTDFAN-S2-14,192.168.56.214,MIK_CRS226,AGG4_8/2/7:112,AGG6_7/2/4:112,n/a,n/a,,18:F1:45:XX:YY:ZZ,,,,

Resource
PONDPU-S2-09 APEX/ALCLDA000393/DSL04 [NCD04]


Source,Target,Status,Type
DSLNCD-S2-09 APEX/NCD03,PONDPU-S2-09 APEX/ALCLDA000393/DSL03 [NCD03],,VisualConnector

Resource,Equipment Login,EquipmentFunction,EquipmentType,FanoutSw,FanoutSwIP,FanoutType,FanoutUplink1,FanoutUplink2,FanoutUplink3,FanoutUplink4,Location,MAC Address,RemotePDUIP,RemotePDULogin,RemotePDUName,RemotePDUPort
DSLNCD-S2-09 APEX/NCD03,ssh://admin:admin@192.168.56.214:21122,VDSL2/G.FAST NCD,NCD,NTDFAN-S2-14,192.168.56.214,MIK_CRS226,AGG4_8/2/7:111,AGG6_7/2/4:111,n/a,n/a,,18:F1:45:XX:YY:ZZ,,,,

Resource
PONDPU-S2-09 APEX/ALCLDA000393/DSL03 [NCD03]


Source,Target,Status,Type
DSLNCD-S2-09 APEX/NCD02,PONDPU-S2-09 APEX/ALCLDA000393/DSL02 [NCD02],,VisualConnector

Resource,Equipment Login,EquipmentFunction,EquipmentType,FanoutSw,FanoutSwIP,FanoutType,FanoutUplink1,FanoutUplink2,FanoutUplink3,FanoutUplink4,Location,MAC Address,RemotePDUIP,RemotePDULogin,RemotePDUName,RemotePDUPort
DSLNCD-S2-09 APEX/NCD02,ssh://admin:admin@192.168.56.214:21022,VDSL2/G.FAST NCD,NCD,NTDFAN-S2-14,192.168.56.214,MIK_CRS226,AGG4_8/2/7:110,AGG6_7/2/4:110,n/a,n/a,,18:F1:45:XX:YY:ZZ,,,,

Resource
PONDPU-S2-09 APEX/ALCLDA000393/DSL02 [NCD02]


Source,Target,Status,Type
DSLNCD-S2-09 APEX/NCD01,PONDPU-S2-09 APEX/ALCLDA000393/DSL01 [NCD01],,VisualConnector

Resource,Equipment Login,EquipmentFunction,EquipmentType,FanoutSw,FanoutSwIP,FanoutType,FanoutUplink1,FanoutUplink2,FanoutUplink3,FanoutUplink4,Location,MAC Address,RemotePDUIP,RemotePDULogin,RemotePDUName,RemotePDUPort
DSLNCD-S2-09 APEX/NCD01,ssh://admin:admin@192.168.56.214:20922,VDSL2/G.FAST NCD,NCD,NTDFAN-S2-14,192.168.56.214,MIK_CRS226,AGG4_8/2/7:109,AGG6_7/2/4:109,n/a,n/a,,18:F1:45:XX:YY:ZZ,,,,

Resource
PONDPU-S2-09 APEX/ALCLDA000393/DSL01 [NCD01]


Source,Target,Status,Type
DSLNCD-S2-10 APEX/NCD04,PONDPU-S2-10 APEX/ALCLDA0006E0/DSL04 [NCD04],,VisualConnector

Resource,Equipment Login,EquipmentFunction,EquipmentType,FanoutSw,FanoutSwIP,FanoutType,FanoutUplink1,FanoutUplink2,FanoutUplink3,FanoutUplink4,Location,MAC Address,RemotePDUIP,RemotePDULogin,RemotePDUName,RemotePDUPort
DSLNCD-S2-10 APEX/NCD04,ssh://admin:admin@192.168.56.214:21622,VDSL2/G.FAST NCD,NCD,NTDFAN-S2-14,192.168.56.214,MIK_CRS226,AGG4_8/2/7:116,AGG6_7/2/4:116,n/a,n/a,,18:F1:45:XX:YY:ZZ,,,,

Resource
PONDPU-S2-10 APEX/ALCLDA0006E0/DSL04 [NCD04]


Source,Target,Status,Type
DSLNCD-S2-10 APEX/NCD03,PONDPU-S2-10 APEX/ALCLDA0006E0/DSL03 [NCD03],,VisualConnector

Resource,Equipment Login,EquipmentFunction,EquipmentType,FanoutSw,FanoutSwIP,FanoutType,FanoutUplink1,FanoutUplink2,FanoutUplink3,FanoutUplink4,Location,MAC Address,RemotePDUIP,RemotePDULogin,RemotePDUName,RemotePDUPort
DSLNCD-S2-10 APEX/NCD03,ssh://admin:admin@192.168.56.214:21522,VDSL2/G.FAST NCD,NCD,NTDFAN-S2-14,192.168.56.214,MIK_CRS226,AGG4_8/2/7:115,AGG6_7/2/4:115,n/a,n/a,,18:F1:45:XX:YY:ZZ,,,,

Resource
PONDPU-S2-10 APEX/ALCLDA0006E0/DSL03 [NCD03]


Source,Target,Status,Type
DSLNCD-S2-10 APEX/NCD02,PONDPU-S2-10 APEX/ALCLDA0006E0/DSL02 [NCD02],,VisualConnector

Resource,Equipment Login,EquipmentFunction,EquipmentType,FanoutSw,FanoutSwIP,FanoutType,FanoutUplink1,FanoutUplink2,FanoutUplink3,FanoutUplink4,Location,MAC Address,RemotePDUIP,RemotePDULogin,RemotePDUName,RemotePDUPort
DSLNCD-S2-10 APEX/NCD02,ssh://admin:admin@192.168.56.214:21422,VDSL2/G.FAST NCD,NCD,NTDFAN-S2-14,192.168.56.214,MIK_CRS226,AGG4_8/2/7:114,AGG6_7/2/4:114,n/a,n/a,,18:F1:45:XX:YY:ZZ,,,,

Resource
PONDPU-S2-10 APEX/ALCLDA0006E0/DSL02 [NCD02]


Source,Target,Status,Type
DSLNCD-S2-10 APEX/NCD01,PONDPU-S2-10 APEX/ALCLDA0006E0/DSL01 [NCD01],,VisualConnector

Resource,Equipment Login,EquipmentFunction,EquipmentType,FanoutSw,FanoutSwIP,FanoutType,FanoutUplink1,FanoutUplink2,FanoutUplink3,FanoutUplink4,Location,MAC Address,RemotePDUIP,RemotePDULogin,RemotePDUName,RemotePDUPort
DSLNCD-S2-10 APEX/NCD01,ssh://admin:admin@192.168.56.214:21322,VDSL2/G.FAST NCD,NCD,NTDFAN-S2-14,192.168.56.214,MIK_CRS226,AGG4_8/2/7:113,AGG6_7/2/4:113,n/a,n/a,,18:F1:45:XX:YY:ZZ,,,,

Resource
PONDPU-S2-10 APEX/ALCLDA0006E0/DSL01 [NCD01]


Source,Target,Status,Type
DSLNCD-S2-11 APEX/NCD04,PONDPU-S2-11 APEX/ALCLDA00052E/DSL04 [NCD04],,VisualConnector

Resource,Equipment Login,EquipmentFunction,EquipmentType,FanoutSw,FanoutSwIP,FanoutType,FanoutUplink1,FanoutUplink2,FanoutUplink3,FanoutUplink4,Location,MAC Address,RemotePDUIP,RemotePDULogin,RemotePDUName,RemotePDUPort
DSLNCD-S2-11 APEX/NCD04,ssh://admin:admin@192.168.56.214:22022,VDSL2/G.FAST NCD,NCD,NTDFAN-S2-14,192.168.56.214,MIK_CRS226,AGG4_8/2/7:120,AGG6_7/2/4:120,n/a,n/a,,18:F1:45:XX:YY:ZZ,,,,

Resource
PONDPU-S2-11 APEX/ALCLDA00052E/DSL04 [NCD04]


Source,Target,Status,Type
DSLNCD-S2-11 APEX/NCD03,PONDPU-S2-11 APEX/ALCLDA00052E/DSL03 [NCD03],,VisualConnector

Resource,Equipment Login,EquipmentFunction,EquipmentType,FanoutSw,FanoutSwIP,FanoutType,FanoutUplink1,FanoutUplink2,FanoutUplink3,FanoutUplink4,Location,MAC Address,RemotePDUIP,RemotePDULogin,RemotePDUName,RemotePDUPort
DSLNCD-S2-11 APEX/NCD03,ssh://admin:admin@192.168.56.214:21922,VDSL2/G.FAST NCD,NCD,NTDFAN-S2-14,192.168.56.214,MIK_CRS226,AGG4_8/2/7:119,AGG6_7/2/4:119,n/a,n/a,,18:F1:45:XX:YY:ZZ,,,,

Resource
PONDPU-S2-11 APEX/ALCLDA00052E/DSL03 [NCD03]


Source,Target,Status,Type
DSLNCD-S2-11 APEX/NCD02,PONDPU-S2-11 APEX/ALCLDA00052E/DSL02 [NCD02],,VisualConnector

Resource,Equipment Login,EquipmentFunction,EquipmentType,FanoutSw,FanoutSwIP,FanoutType,FanoutUplink1,FanoutUplink2,FanoutUplink3,FanoutUplink4,Location,MAC Address,RemotePDUIP,RemotePDULogin,RemotePDUName,RemotePDUPort
DSLNCD-S2-11 APEX/NCD02,ssh://admin:admin@192.168.56.214:21822,VDSL2/G.FAST NCD,NCD,NTDFAN-S2-14,192.168.56.214,MIK_CRS226,AGG4_8/2/7:118,AGG6_7/2/4:118,n/a,n/a,,18:F1:45:XX:YY:ZZ,,,,

Resource
PONDPU-S2-11 APEX/ALCLDA00052E/DSL02 [NCD02]


Source,Target,Status,Type
DSLNCD-S2-11 APEX/NCD01,PONDPU-S2-11 APEX/ALCLDA00052E/DSL01 [NCD01],,VisualConnector

Resource,Equipment Login,EquipmentFunction,EquipmentType,FanoutSw,FanoutSwIP,FanoutType,FanoutUplink1,FanoutUplink2,FanoutUplink3,FanoutUplink4,Location,MAC Address,RemotePDUIP,RemotePDULogin,RemotePDUName,RemotePDUPort
DSLNCD-S2-11 APEX/NCD01,ssh://admin:admin@192.168.56.214:21722,VDSL2/G.FAST NCD,NCD,NTDFAN-S2-14,192.168.56.214,MIK_CRS226,AGG4_8/2/7:117,AGG6_7/2/4:117,n/a,n/a,,18:F1:45:XX:YY:ZZ,,,,

Resource
PONDPU-S2-11 APEX/ALCLDA00052E/DSL01 [NCD01]


Source,Target,Status,Type
DSLNCD-S2-12 APEX/NCD04,PONDPU-S2-12 APEX/ALCLDA0026D1/DSL04 [NCD04],,VisualConnector

Resource,Equipment Login,EquipmentFunction,EquipmentType,FanoutSw,FanoutSwIP,FanoutType,FanoutUplink1,FanoutUplink2,FanoutUplink3,FanoutUplink4,Location,MAC Address,RemotePDUIP,RemotePDULogin,RemotePDUName,RemotePDUPort
DSLNCD-S2-12 APEX/NCD04,ssh://admin:admin@192.168.56.214:22422,VDSL2/G.FAST NCD,NCD,NTDFAN-S2-14,192.168.56.214,MIK_CRS226,AGG4_8/2/7:124,AGG6_7/2/4:124,n/a,n/a,,18:F1:45:XX:YY:ZZ,,,,

Resource
PONDPU-S2-12 APEX/ALCLDA0026D1/DSL04 [NCD04]


Source,Target,Status,Type
DSLNCD-S2-12 APEX/NCD03,PONDPU-S2-12 APEX/ALCLDA0026D1/DSL03 [NCD03],,VisualConnector

Resource,Equipment Login,EquipmentFunction,EquipmentType,FanoutSw,FanoutSwIP,FanoutType,FanoutUplink1,FanoutUplink2,FanoutUplink3,FanoutUplink4,Location,MAC Address,RemotePDUIP,RemotePDULogin,RemotePDUName,RemotePDUPort
DSLNCD-S2-12 APEX/NCD03,ssh://admin:admin@192.168.56.214:22322,VDSL2/G.FAST NCD,NCD,NTDFAN-S2-14,192.168.56.214,MIK_CRS226,AGG4_8/2/7:123,AGG6_7/2/4:123,n/a,n/a,,18:F1:45:XX:YY:ZZ,,,,

Resource
PONDPU-S2-12 APEX/ALCLDA0026D1/DSL03 [NCD03]


Source,Target,Status,Type
DSLNCD-S2-12 APEX/NCD02,PONDPU-S2-12 APEX/ALCLDA0026D1/DSL02 [NCD02],,VisualConnector

Resource,Equipment Login,EquipmentFunction,EquipmentType,FanoutSw,FanoutSwIP,FanoutType,FanoutUplink1,FanoutUplink2,FanoutUplink3,FanoutUplink4,Location,MAC Address,RemotePDUIP,RemotePDULogin,RemotePDUName,RemotePDUPort
DSLNCD-S2-12 APEX/NCD02,ssh://admin:admin@192.168.56.214:22222,VDSL2/G.FAST NCD,NCD,NTDFAN-S2-14,192.168.56.214,MIK_CRS226,AGG4_8/2/7:122,AGG6_7/2/4:122,n/a,n/a,,18:F1:45:XX:YY:ZZ,,,,

Resource
PONDPU-S2-12 APEX/ALCLDA0026D1/DSL02 [NCD02]


Source,Target,Status,Type
DSLNCD-S2-12 APEX/NCD01,PONDPU-S2-12 APEX/ALCLDA0026D1/DSL01 [NCD01],,VisualConnector

Resource,Equipment Login,EquipmentFunction,EquipmentType,FanoutSw,FanoutSwIP,FanoutType,FanoutUplink1,FanoutUplink2,FanoutUplink3,FanoutUplink4,Location,MAC Address,RemotePDUIP,RemotePDULogin,RemotePDUName,RemotePDUPort
DSLNCD-S2-12 APEX/NCD01,ssh://admin:admin@192.168.56.214:22122,VDSL2/G.FAST NCD,NCD,NTDFAN-S2-14,192.168.56.214,MIK_CRS226,AGG4_8/2/7:121,AGG6_7/2/4:121,n/a,n/a,,18:F1:45:XX:YY:ZZ,,,,

Resource
PONDPU-S2-12 APEX/ALCLDA0026D1/DSL01 [NCD01]


Source,Target,Status,Type
STC1 [E-NNI] APEX/Card2-Port9,VIC Distributed POI APEX,,VisualConnector

Resource,Equipment,EquipmentType,Firmware Version,IP address,Media,ProtocolType,Speed
STC1 [E-NNI] APEX/Card2-Port9,STC,,,192.168.56.4,,,1 Gig

Resource,POI name
VIC Distributed POI APEX,VIC Distributed POI


Source,Target,Status,Type
STC1 [E-NNI] APEX/Card6-Port6,VIC Distributed POI APEX,,VisualConnector

Resource,Equipment,EquipmentType,Firmware Version,IP address,Media,ProtocolType,Speed
STC1 [E-NNI] APEX/Card6-Port6,STC,,,192.168.56.4,,,1 Gig

Resource,POI name
VIC Distributed POI APEX,VIC Distributed POI


Source,Target,Status,Type
STC3 [E-NNI] APEX/Card1-Port9,VIC Distributed POI APEX,,VisualConnector

Resource,Equipment,EquipmentType,Firmware Version,IP address,Media,ProtocolType,Speed
STC3 [E-NNI] APEX/Card1-Port9,STC,,,192.168.56.94,,,1 Gig

Resource,POI name
VIC Distributed POI APEX,VIC Distributed POI


Source,Target,Status,Type
DSLNCD-S2-08 APEX/NCD04,TB_GND_CFA24_01/CPE-CH05-RJ1,,VisualConnector

Resource,Equipment Login,EquipmentFunction,EquipmentType,FanoutSw,FanoutSwIP,FanoutType,FanoutUplink1,FanoutUplink2,FanoutUplink3,FanoutUplink4,Location,MAC Address,RemotePDUIP,RemotePDULogin,RemotePDUName,RemotePDUPort
DSLNCD-S2-08 APEX/NCD04,ssh://admin:admin@192.168.56.214:20822,VDSL2/G.FAST NCD,NCD,NTDFAN-S2-14,192.168.56.214,MIK_CRS226,AGG4_8/2/7:108,AGG6_7/2/4:108,n/a,n/a,,18F145A8B133,,,,

Resource
TB_GND_CFA24_01/CPE-CH05-RJ1


Source,Target,Status,Type
DSLNCD-S2-08 APEX/NCD03,TB_GND_CFA24_01/CPE-CH04-RJ1,,VisualConnector

Resource,Equipment Login,EquipmentFunction,EquipmentType,FanoutSw,FanoutSwIP,FanoutType,FanoutUplink1,FanoutUplink2,FanoutUplink3,FanoutUplink4,Location,MAC Address,RemotePDUIP,RemotePDULogin,RemotePDUName,RemotePDUPort
DSLNCD-S2-08 APEX/NCD03,ssh://admin:admin@192.168.56.214:20722,VDSL2/G.FAST NCD,NCD,NTDFAN-S2-14,192.168.56.214,MIK_CRS226,AGG4_8/2/7:107,AGG6_7/2/4:107,n/a,n/a,,18F145A8B14F,,,,

Resource
TB_GND_CFA24_01/CPE-CH04-RJ1


Source,Target,Status,Type
DSLNCD-S2-08 APEX/NCD02,TB_GND_CFA24_01/CPE-CH03-RJ1,,VisualConnector

Resource,Equipment Login,EquipmentFunction,EquipmentType,FanoutSw,FanoutSwIP,FanoutType,FanoutUplink1,FanoutUplink2,FanoutUplink3,FanoutUplink4,Location,MAC Address,RemotePDUIP,RemotePDULogin,RemotePDUName,RemotePDUPort
DSLNCD-S2-08 APEX/NCD02,ssh://admin:admin@192.168.56.214:20622,VDSL2/G.FAST NCD,NCD,NTDFAN-S2-14,192.168.56.214,MIK_CRS226,AGG4_8/2/7:106,AGG6_7/2/4:106,n/a,n/a,,18F145A8B10B,,,,

Resource
TB_GND_CFA24_01/CPE-CH03-RJ1


Source,Target,Status,Type
DSLNCD-S2-08 APEX/NCD01,TB_GND_CFA24_01/CPE-CH02-RJ1,,VisualConnector

Resource,Equipment Login,EquipmentFunction,EquipmentType,FanoutSw,FanoutSwIP,FanoutType,FanoutUplink1,FanoutUplink2,FanoutUplink3,FanoutUplink4,Location,MAC Address,RemotePDUIP,RemotePDULogin,RemotePDUName,RemotePDUPort
DSLNCD-S2-08 APEX/NCD01,ssh://admin:admin@192.168.56.214:20522,VDSL2/G.FAST NCD,NCD,NTDFAN-S2-14,192.168.56.214,MIK_CRS226,AGG4_8/2/7:105,AGG6_7/2/4:105,n/a,n/a,,18F145A8B157,,,,

Resource
TB_GND_CFA24_01/CPE-CH02-RJ1


Source,Target,Status,Type
TB_GND_CFA24_01/CO-CH05-RJ1,PONDPU-S2-08 APEX/ALCLDA001FCA/DSL04 [NCD04],,VisualConnector

Resource
TB_GND_CFA24_01/CO-CH05-RJ1

Resource
PONDPU-S2-08 APEX/ALCLDA001FCA/DSL04 [NCD04]


Source,Target,Status,Type
TB_GND_CFA24_01/CO-CH04-RJ1,PONDPU-S2-08 APEX/ALCLDA001FCA/DSL03 [NCD03],,VisualConnector

Resource
TB_GND_CFA24_01/CO-CH04-RJ1

Resource
PONDPU-S2-08 APEX/ALCLDA001FCA/DSL03 [NCD03]


Source,Target,Status,Type
TB_GND_CFA24_01/CO-CH03-RJ1,PONDPU-S2-08 APEX/ALCLDA001FCA/DSL02 [NCD02],,VisualConnector

Resource
TB_GND_CFA24_01/CO-CH03-RJ1

Resource
PONDPU-S2-08 APEX/ALCLDA001FCA/DSL02 [NCD02]


Source,Target,Status,Type
TB_GND_CFA24_01/CO-CH02-RJ1,PONDPU-S2-08 APEX/ALCLDA001FCA/DSL01 [NCD01],,VisualConnector

Resource
TB_GND_CFA24_01/CO-CH02-RJ1

Resource
PONDPU-S2-08 APEX/ALCLDA001FCA/DSL01 [NCD01]


Source,Target,Status,Type
DSLNCD-S2-10 APEX/NCD02,TB_GND_CFA24_01/CPE-CH18-RJ1,,VisualConnector

Resource,Equipment Login,EquipmentFunction,EquipmentType,FanoutSw,FanoutSwIP,FanoutType,FanoutUplink1,FanoutUplink2,FanoutUplink3,FanoutUplink4,Location,MAC Address,RemotePDUIP,RemotePDULogin,RemotePDUName,RemotePDUPort
DSLNCD-S2-10 APEX/NCD02,ssh://admin:admin@192.168.56.214:21422,VDSL2/G.FAST NCD,NCD,NTDFAN-S2-14,192.168.56.214,MIK_CRS226,AGG4_8/2/7:114,AGG6_7/2/4:114,n/a,n/a,,18:F1:45:XX:YY:ZZ,,,,

Resource
TB_GND_CFA24_01/CPE-CH18-RJ1


Source,Target,Status,Type
PONDPU-S2-10 APEX/ALCLDA0006E0/DSL02 [NCD02],TB_GND_CFA24_01/CO-CH18-RJ1,,VisualConnector

Resource
PONDPU-S2-10 APEX/ALCLDA0006E0/DSL02 [NCD02]

Resource
TB_GND_CFA24_01/CO-CH18-RJ1


Source,Target,Status,Type
DSLNCD-S2-09 APEX/NCD02,TB_GND_CFA24_01/CPE-CH20-RJ1,,VisualConnector

Resource,Equipment Login,EquipmentFunction,EquipmentType,FanoutSw,FanoutSwIP,FanoutType,FanoutUplink1,FanoutUplink2,FanoutUplink3,FanoutUplink4,Location,MAC Address,RemotePDUIP,RemotePDULogin,RemotePDUName,RemotePDUPort
DSLNCD-S2-09 APEX/NCD02,ssh://admin:admin@192.168.56.214:21022,VDSL2/G.FAST NCD,NCD,NTDFAN-S2-14,192.168.56.214,MIK_CRS226,AGG4_8/2/7:110,AGG6_7/2/4:110,n/a,n/a,,18:F1:45:XX:YY:ZZ,,,,

Resource
TB_GND_CFA24_01/CPE-CH20-RJ1


Source,Target,Status,Type
PONDPU-S2-09 APEX/ALCLDA000393/DSL02 [NCD02],TB_GND_CFA24_01/CO-CH20-RJ1,,VisualConnector

Resource
PONDPU-S2-09 APEX/ALCLDA000393/DSL02 [NCD02]

Resource
TB_GND_CFA24_01/CO-CH20-RJ1


Source,Target,Status,Type
DSLNCD-S2-11 APEX/NCD04,TB_GND_CFA24_01/CPE-CH16-RJ1,,VisualConnector

Resource,Equipment Login,EquipmentFunction,EquipmentType,FanoutSw,FanoutSwIP,FanoutType,FanoutUplink1,FanoutUplink2,FanoutUplink3,FanoutUplink4,Location,MAC Address,RemotePDUIP,RemotePDULogin,RemotePDUName,RemotePDUPort
DSLNCD-S2-11 APEX/NCD04,ssh://admin:admin@192.168.56.214:22022,VDSL2/G.FAST NCD,NCD,NTDFAN-S2-14,192.168.56.214,MIK_CRS226,AGG4_8/2/7:120,AGG6_7/2/4:120,n/a,n/a,,18:F1:45:XX:YY:ZZ,,,,

Resource
TB_GND_CFA24_01/CPE-CH16-RJ1


Source,Target,Status,Type
DSLNCD-S2-11 APEX/NCD03,TB_GND_CFA24_01/CPE-CH15-RJ1,,VisualConnector

Resource,Equipment Login,EquipmentFunction,EquipmentType,FanoutSw,FanoutSwIP,FanoutType,FanoutUplink1,FanoutUplink2,FanoutUplink3,FanoutUplink4,Location,MAC Address,RemotePDUIP,RemotePDULogin,RemotePDUName,RemotePDUPort
DSLNCD-S2-11 APEX/NCD03,ssh://admin:admin@192.168.56.214:21922,VDSL2/G.FAST NCD,NCD,NTDFAN-S2-14,192.168.56.214,MIK_CRS226,AGG4_8/2/7:119,AGG6_7/2/4:119,n/a,n/a,,18:F1:45:XX:YY:ZZ,,,,

Resource
TB_GND_CFA24_01/CPE-CH15-RJ1


Source,Target,Status,Type
DSLNCD-S2-11 APEX/NCD02,TB_GND_CFA24_01/CPE-CH14-RJ1,,VisualConnector

Resource,Equipment Login,EquipmentFunction,EquipmentType,FanoutSw,FanoutSwIP,FanoutType,FanoutUplink1,FanoutUplink2,FanoutUplink3,FanoutUplink4,Location,MAC Address,RemotePDUIP,RemotePDULogin,RemotePDUName,RemotePDUPort
DSLNCD-S2-11 APEX/NCD02,ssh://admin:admin@192.168.56.214:21822,VDSL2/G.FAST NCD,NCD,NTDFAN-S2-14,192.168.56.214,MIK_CRS226,AGG4_8/2/7:118,AGG6_7/2/4:118,n/a,n/a,,18:F1:45:XX:YY:ZZ,,,,

Resource
TB_GND_CFA24_01/CPE-CH14-RJ1


Source,Target,Status,Type
DSLNCD-S2-11 APEX/NCD01,TB_GND_CFA24_01/CPE-CH13-RJ1,,VisualConnector

Resource,Equipment Login,EquipmentFunction,EquipmentType,FanoutSw,FanoutSwIP,FanoutType,FanoutUplink1,FanoutUplink2,FanoutUplink3,FanoutUplink4,Location,MAC Address,RemotePDUIP,RemotePDULogin,RemotePDUName,RemotePDUPort
DSLNCD-S2-11 APEX/NCD01,ssh://admin:admin@192.168.56.214:21722,VDSL2/G.FAST NCD,NCD,NTDFAN-S2-14,192.168.56.214,MIK_CRS226,AGG4_8/2/7:117,AGG6_7/2/4:117,n/a,n/a,,18:F1:45:XX:YY:ZZ,,,,

Resource
TB_GND_CFA24_01/CPE-CH13-RJ1


Source,Target,Status,Type
PONDPU-S2-11 APEX/ALCLDA00052E/DSL04 [NCD04],TB_GND_CFA24_01/CO-CH16-RJ1,,VisualConnector

Resource
PONDPU-S2-11 APEX/ALCLDA00052E/DSL04 [NCD04]

Resource
TB_GND_CFA24_01/CO-CH16-RJ1


Source,Target,Status,Type
PONDPU-S2-11 APEX/ALCLDA00052E/DSL03 [NCD03],TB_GND_CFA24_01/CO-CH15-RJ1,,VisualConnector

Resource
PONDPU-S2-11 APEX/ALCLDA00052E/DSL03 [NCD03]

Resource
TB_GND_CFA24_01/CO-CH15-RJ1


Source,Target,Status,Type
PONDPU-S2-11 APEX/ALCLDA00052E/DSL02 [NCD02],TB_GND_CFA24_01/CO-CH14-RJ1,,VisualConnector

Resource
PONDPU-S2-11 APEX/ALCLDA00052E/DSL02 [NCD02]

Resource
TB_GND_CFA24_01/CO-CH14-RJ1


Source,Target,Status,Type
PONDPU-S2-11 APEX/ALCLDA00052E/DSL01 [NCD01],TB_GND_CFA24_01/CO-CH13-RJ1,,VisualConnector

Resource
PONDPU-S2-11 APEX/ALCLDA00052E/DSL01 [NCD01]

Resource
TB_GND_CFA24_01/CO-CH13-RJ1


Source,Target,Status,Type
DSLNCD-S2-09 APEX/NCD01,TB_GND_4902_01/D300-3/CPE-CH01-RJ1,,VisualConnector

Resource,Equipment Login,EquipmentFunction,EquipmentType,FanoutSw,FanoutSwIP,FanoutType,FanoutUplink1,FanoutUplink2,FanoutUplink3,FanoutUplink4,Location,MAC Address,RemotePDUIP,RemotePDULogin,RemotePDUName,RemotePDUPort
DSLNCD-S2-09 APEX/NCD01,ssh://admin:admin@192.168.56.214:20922,VDSL2/G.FAST NCD,NCD,NTDFAN-S2-14,192.168.56.214,MIK_CRS226,AGG4_8/2/7:109,AGG6_7/2/4:109,n/a,n/a,,18:F1:45:XX:YY:ZZ,,,,

Resource
TB_GND_4902_01/D300-3/CPE-CH01-RJ1


Source,Target,Status,Type
DSLNCD-S2-10 APEX/NCD01,TB_GND_4902_01/D300-4/CPE-CH04-RJ1,,VisualConnector

Resource,Equipment Login,EquipmentFunction,EquipmentType,FanoutSw,FanoutSwIP,FanoutType,FanoutUplink1,FanoutUplink2,FanoutUplink3,FanoutUplink4,Location,MAC Address,RemotePDUIP,RemotePDULogin,RemotePDUName,RemotePDUPort
DSLNCD-S2-10 APEX/NCD01,ssh://admin:admin@192.168.56.214:21322,VDSL2/G.FAST NCD,NCD,NTDFAN-S2-14,192.168.56.214,MIK_CRS226,AGG4_8/2/7:113,AGG6_7/2/4:113,n/a,n/a,,18:F1:45:XX:YY:ZZ,,,,

Resource
TB_GND_4902_01/D300-4/CPE-CH04-RJ1


Source,Target,Status,Type
TB_GND_4902_01/D300-3/CPE-CH01-RJ2,TB_GND_CFA24_01/CPE-CH19-RJ1,,VisualConnector

Resource
TB_GND_4902_01/D300-3/CPE-CH01-RJ2

Resource
TB_GND_CFA24_01/CPE-CH19-RJ1


Source,Target,Status,Type
TB_GND_4902_01/D300-1/CO-CH01-RJ2,TB_GND_CFA24_01/CO-CH19-RJ1,,VisualConnector

Resource
TB_GND_4902_01/D300-1/CO-CH01-RJ2

Resource
TB_GND_CFA24_01/CO-CH19-RJ1


Source,Target,Status,Type
TB_GND_4902_01/D300-2/CO-CH04-RJ1,TB_GND_CFA24_01/CO-CH17-RJ1,,VisualConnector

Resource
TB_GND_4902_01/D300-2/CO-CH04-RJ1

Resource
TB_GND_CFA24_01/CO-CH17-RJ1


Source,Target,Status,Type
TB_GND_4902_01/D300-4/CPE-CH04-RJ2,TB_GND_CFA24_01/CPE-CH17-RJ1,,VisualConnector

Resource
TB_GND_4902_01/D300-4/CPE-CH04-RJ2

Resource
TB_GND_CFA24_01/CPE-CH17-RJ1


Source,Target,Status,Type
PONDPU-S2-09 APEX/ALCLDA000393/DSL01 [NCD01],TB_GND_4902_01/D300-1/CO-CH01-RJ1,,VisualConnector

Resource
PONDPU-S2-09 APEX/ALCLDA000393/DSL01 [NCD01]

Resource
TB_GND_4902_01/D300-1/CO-CH01-RJ1


Source,Target,Status,Type
PONDPU-S2-10 APEX/ALCLDA0006E0/DSL01 [NCD01],TB_GND_4902_01/D300-2/CO-CH04-RJ1,,VisualConnector

Resource
PONDPU-S2-10 APEX/ALCLDA0006E0/DSL01 [NCD01]

Resource
TB_GND_4902_01/D300-2/CO-CH04-RJ1


Source,Target,Status,Type
DSLNCD-S2-07 APEX/NCD01,TB_GND_CFA24_01/CPE-CH06-RJ1,,VisualConnector

Resource,Equipment Login,EquipmentFunction,EquipmentType,FanoutSw,FanoutSwIP,FanoutType,FanoutUplink1,FanoutUplink2,FanoutUplink3,FanoutUplink4,Location,MAC Address,RemotePDUIP,RemotePDULogin,RemotePDUName,RemotePDUPort
DSLNCD-S2-07 APEX/NCD01,ssh://admin:admin@192.168.56.214:20122,VDSL2/G.FAST NCD,NCD,NTDFAN-S2-14,192.168.56.214,MIK_CRS226,AGG4_8/2/7:101,AGG6_7/2/4:101,n/a,n/a,,18F145A8B154,,,,

Resource
TB_GND_CFA24_01/CPE-CH06-RJ1


Source,Target,Status,Type
PONDPU-S2-07 APEX/ALCLDA002637/DSL01 [NCD01],TB_GND_CFA24_01/CO-CH06-RJ1,,VisualConnector

Resource
PONDPU-S2-07 APEX/ALCLDA002637/DSL01 [NCD01]

Resource
TB_GND_CFA24_01/CO-CH06-RJ1


